[UnityConnectServicesConfig] Local config successfully read: "/usr/share/unity3d/config/services-config.json"
[UnityConnectServicesConfig] Service configuration:
    "servicesConfigBaseUrl": "",
    "disableServicesWindow": false,
    "disableUserLogin": false,
    "entitlementCacheTimeoutInSeconds": 60,
    "clientConnectTimeoutSec": 60,
    "clientHandshakeTimeoutSec": 30,
    "clientResolveEntitlementsTimeoutSec": 30,
    "clientUpdateLicenseTimeoutSec": 30,
    "licensingServiceBaseUrl": "",
    "enableProxyAutoconfig": "false"

Unity Editor version:    6000.4.3f1 (39d1a88d4dd1)
Branch:                  6000.4/staging
Build type:              Release
Batch mode:              YES
System name:             Linux
Distro version:          #1 SMP PREEMPT_DYNAMIC Sat, 11 Apr 2026 22:36:29 +0000
Kernel version:          6.19.12-arch1-1
Architecture:            x86_64
Window Protocol:         Wayland (XWayland)
Available memory:        31385 MB
Date:                    2026-04-23T09:58:21Z
[Licensing::Module] Trying to connect to existing licensing client channel...
[Licensing::IpcConnector] Successfully connected to: "LicenseClient-temel" at "2026-04-23T09:58:21.39322Z"
[SignatureVerifier] Application signature verification not supported on this platform.
[Licensing::Client] Error: HandshakeResponse reported an error:
	ResponseCode: 505
	ResponseStatus: Unsupported protocol version '1.18.1'.
[Licensing::Module] Error: Failed to handshake to channel: "LicenseClient-temel"
[Licensing::IpcConnector] LicenseClient-temel channel disconnected successfully.
[Licensing::IpcConnector] Successfully connected to: "LicenseClient-temel-6000.4.3" at "2026-04-23T09:58:21.394874Z"
[SignatureVerifier] Application signature verification not supported on this platform.
[Licensing::Client] Handshaking with LicensingClient:
  Version:                 1.18.1+9fbee8e
  Session Id:              d281978765654c3aa6341cd23c7b7100
  Correlation Id:          37b71728ffadb70e5711210b6a9c51f4
  External correlation Id: 90139730748149541
  Machine Id:              xk3kKCoc8gdq1zkQYwYlwCyTYwc=
[Licensing::Module] Successfully connected to LicensingClient on channel: "LicenseClient-temel-6000.4.3" (connect: 0.00s, validation: 0.00s, handshake: 0.00s)
[Licensing::IpcConnector] Successfully connected to: "LicenseClient-temel-6000.4.3-notifications" at "2026-04-23T09:58:21.396088Z"
[Licensing::Module] Licensing Background thread has ended after 0.00s
Selected window backend: (null) 
Desktop is 1920 x 1080 @ 60 Hz
Initialize udev device monitor.

COMMAND LINE ARGUMENTS:
Unity
-adb2
-batchMode
-noUpm
-name
AssetImportWorker4
-projectPath
/home/temel/Documents/monad-republic/unity/NomadGame/NomadGame
-logFile
Logs/AssetImportWorker4.log
-srvPort
38059
-force-vulkan
-job-worker-count
7
-background-job-worker-count
8
-gc-helper-count
1
Successfully changed project path to: /home/temel/Documents/monad-republic/unity/NomadGame/NomadGame
/home/temel/Documents/monad-republic/unity/NomadGame/NomadGame
[UnityMemory] Configuration Parameters - Can be set up in boot.config
    "memorysetup-temp-allocator-size-gi-baking-worker=262144"
    "memorysetup-temp-allocator-size-gi-baking-worker=262144"
    "memorysetup-temp-allocator-size-gi-baking-worker=262144"
    "memorysetup-temp-allocator-size-gi-baking-worker=262144"
    "memorysetup-temp-allocator-size-gi-baking-worker=262144"
    "memorysetup-temp-allocator-size-nav-mesh-worker=65536"
    "memorysetup-temp-allocator-size-audio-worker=65536"
    "memorysetup-temp-allocator-size-cloud-worker=32768"
    "memorysetup-allocator-temp-initial-block-size-main=262144"
    "memorysetup-allocator-temp-initial-block-size-worker=262144"
    "memorysetup-temp-allocator-size-background-worker=32768"
    "memorysetup-temp-allocator-size-job-worker=262144"
    "memorysetup-temp-allocator-size-preload-manager=33554432"
    "memorysetup-temp-allocator-size-gfx=262144"
    "memorysetup-bucket-allocator-granularity=16"
    "memorysetup-bucket-allocator-bucket-count=8"
    "memorysetup-bucket-allocator-block-size=33554432"
    "memorysetup-bucket-allocator-block-count=8"
    "memorysetup-main-allocator-block-size=16777216"
    "memorysetup-thread-allocator-block-size=16777216"
    "memorysetup-gfx-main-allocator-block-size=16777216"
    "memorysetup-gfx-thread-allocator-block-size=16777216"
    "memorysetup-cache-allocator-block-size=4194304"
    "memorysetup-typetree-allocator-block-size=2097152"
    "memorysetup-profiler-bucket-allocator-granularity=16"
    "memorysetup-profiler-bucket-allocator-bucket-count=8"
    "memorysetup-profiler-bucket-allocator-block-size=33554432"
    "memorysetup-profiler-bucket-allocator-block-count=8"
    "memorysetup-profiler-allocator-block-size=16777216"
    "memorysetup-profiler-editor-allocator-block-size=1048576"
    "memorysetup-temp-allocator-size-main=16777216"
    "memorysetup-job-temp-allocator-block-size=2097152"
    "memorysetup-job-temp-allocator-block-size-background=1048576"
    "memorysetup-job-temp-allocator-reduction-small-platforms=262144"
Player connection [140542463483008]  Target information:

Player connection [140542463483008]  * "[IP] 10.11.7.203 [Port] 0 [Flags] 2 [Guid] 3827424841 [EditorId] 3827424841 [Version] 1048832 [Id] LinuxEditor(16,10.11.7.203) [Debug] 1 [PackageName] LinuxEditor [ProjectName] Editor" 

Player connection [140542463483008]  * "[IP] 172.17.0.1 [Port] 0 [Flags] 2 [Guid] 3827424841 [EditorId] 3827424841 [Version] 1048832 [Id] LinuxEditor(16,10.11.7.203) [Debug] 1 [PackageName] LinuxEditor [ProjectName] Editor" 

Player connection [140542463483008] Host joined multi-casting on [225.0.0.222:54997]...
Player connection [140542463483008] Host joined alternative multi-casting on [225.0.0.222:34997]...
JobSystem: Creating JobQueue using job-worker-count value 7
Input System module state changed to: Initialized.
[Physics::Module] Initialized fallback backend.
[Physics::Module] Id: 0xdecafbad
Library Redirect Path: Library/
[Physics::Module] Selected backend.
[Physics::Module] Name: PhysX
[Physics::Module] Id: 0xf2b8ea05
[Physics::Module] SDK Version: 4.1.2
[Physics::Module] Integration Version: 1.0.0
[Physics::Module] Threading Mode: Multi-Threaded
Initialize engine version: 6000.4.3f1 (39d1a88d4dd1)
[Subsystems] Discovering subsystems at path /home/temel/Unity/Hub/Editor/6000.4.3f1/Editor/Data/Resources/UnitySubsystems
[Subsystems] Discovering subsystems at path /home/temel/Documents/monad-republic/unity/NomadGame/NomadGame/Assets
Forcing GfxDevice: Vulkan
GfxDevice: creating device client; kGfxThreadingModeThreaded
[vulkan] LoadVulkanLibrary libvulkan.so.1[vulkan] Loaded instance function vkGetInstanceProcAddr
[vulkan] Loaded instance function vkGetInstanceProcAddr
[vulkan] Loaded instance function vkCreateInstance
[vulkan] Loaded instance function vkEnumerateInstanceExtensionProperties
[vulkan] Loaded instance function vkEnumerateInstanceLayerProperties
[vulkan] Loaded instance function vkEnumerateInstanceVersion
[Vulkan init] extensions: count=25
[Vulkan init] extensions: name=VK_EXT_acquire_drm_display [enabled=0, external=0]
[Vulkan init] extensions: name=VK_EXT_acquire_xlib_display [enabled=0, external=0]
[Vulkan init] extensions: name=VK_EXT_debug_report [enabled=0, external=0]
[Vulkan init] extensions: name=VK_EXT_debug_utils [enabled=1, external=0]
[Vulkan init] extensions: name=VK_EXT_direct_mode_display [enabled=0, external=0]
[Vulkan init] extensions: name=VK_EXT_display_surface_counter [enabled=0, external=0]
[Vulkan init] extensions: name=VK_EXT_surface_maintenance1 [enabled=0, external=0]
[Vulkan init] extensions: name=VK_EXT_swapchain_colorspace [enabled=1, external=0]
[Vulkan init] extensions: name=VK_KHR_device_group_creation [enabled=0, external=0]
[Vulkan init] extensions: name=VK_KHR_display [enabled=1, external=0]
[Vulkan init] extensions: name=VK_KHR_external_fence_capabilities [enabled=1, external=0]
[Vulkan init] extensions: name=VK_KHR_external_memory_capabilities [enabled=1, external=0]
[Vulkan init] extensions: name=VK_KHR_external_semaphore_capabilities [enabled=1, external=0]
[Vulkan init] extensions: name=VK_KHR_get_display_properties2 [enabled=0, external=0]
[Vulkan init] extensions: name=VK_KHR_get_physical_device_properties2 [enabled=1, external=0]
[Vulkan init] extensions: name=VK_KHR_get_surface_capabilities2 [enabled=0, external=0]
[Vulkan init] extensions: name=VK_KHR_portability_enumeration [enabled=0, external=0]
[Vulkan init] extensions: name=VK_KHR_surface [enabled=1, external=0]
[Vulkan init] extensions: name=VK_KHR_surface_maintenance1 [enabled=0, external=0]
[Vulkan init] extensions: name=VK_KHR_surface_protected_capabilities [enabled=0, external=0]
[Vulkan init] extensions: name=VK_KHR_wayland_surface [enabled=1, external=0]
[Vulkan init] extensions: name=VK_KHR_xcb_surface [enabled=0, external=0]
[Vulkan init] extensions: name=VK_KHR_xlib_surface [enabled=1, external=0]
[Vulkan init] extensions: name=VK_LUNARG_direct_driver_loading [enabled=0, external=0]
[Vulkan init] extensions: name=VK_NV_display_stereo [enabled=0, external=0]
[vulkan] Loaded instance function vkDestroyInstance
[vulkan] Loaded instance function vkGetPhysicalDeviceProperties
[vulkan] Loaded instance function vkEnumeratePhysicalDevices
Vulkan detection: 0
kGfxThreadingModeNonThreaded is not supported on OpenGL Core. Reverting to kGfxThreadingModeDirect instead.
GfxDevice: creating device client; kGfxThreadingModeDirect
GLX Extensions: GLX_ARB_context_flush_control GLX_ARB_create_context GLX_ARB_create_context_no_error GLX_ARB_create_context_profile GLX_ARB_create_context_robustness GLX_ARB_fbconfig_float GLX_ARB_framebuffer_sRGB GLX_ARB_get_proc_address GLX_ARB_multisample GLX_EXT_buffer_age GLX_EXT_create_context_es2_profile GLX_EXT_create_context_es_profile GLX_EXT_fbconfig_packed_float GLX_EXT_framebuffer_sRGB GLX_EXT_no_config_context GLX_EXT_swap_control GLX_EXT_swap_control_tear GLX_EXT_texture_from_pixmap GLX_EXT_visual_info GLX_EXT_visual_rating GLX_MESA_copy_sub_buffer GLX_MESA_gl_interop GLX_MESA_query_renderer GLX_MESA_swap_control GLX_OML_sync_control GLX_SGIS_multisample GLX_SGIX_fbconfig GLX_SGIX_pbuffer GLX_SGIX_visual_select_group GLX_SGI_make_current_read GLX_SGI_video_sync 
Renderer: AMD Radeon 780M Graphics (radeonsi, phoenix, ACO, DRM 3.64, 6.19.12-arch1-1)
Vendor:   AMD
Version:  4.6 (Core Profile) Mesa 26.0.5-arch1.1
GLES:     0
 GL_AMD_conservative_depth GL_AMD_depth_clamp_separate GL_AMD_draw_buffers_blend GL_AMD_gpu_shader_int64 GL_AMD_multi_draw_indirect GL_AMD_pinned_memory GL_AMD_query_buffer_object GL_AMD_seamless_cubemap_per_texture GL_AMD_shader_stencil_export GL_AMD_shader_trinary_minmax GL_AMD_texture_texture4 GL_AMD_vertex_shader_layer GL_AMD_vertex_shader_viewport_index GL_ANGLE_texture_compression_dxt3 GL_ANGLE_texture_compression_dxt5 GL_ARB_ES2_compatibility GL_ARB_ES3_1_compatibility GL_ARB_ES3_2_compatibility GL_ARB_ES3_compatibility GL_ARB_arrays_of_arrays GL_ARB_base_instance GL_ARB_bindless_texture GL_ARB_blend_func_extended GL_ARB_buffer_storage GL_ARB_clear_buffer_object GL_ARB_clear_texture GL_ARB_clip_control GL_ARB_color_buffer_float GL_ARB_compressed_texture_pixel_storage GL_ARB_compute_shader GL_ARB_compute_variable_group_size GL_ARB_conditional_render_inverted GL_ARB_conservative_depth GL_ARB_copy_buffer GL_ARB_copy_image GL_ARB_cull_distance GL_ARB_debug_output GL_ARB_depth_buffer_float GL_ARB_depth_cla
mp GL_ARB_derivative_control GL_ARB_direct_state_access GL_ARB_draw_buffers GL_ARB_draw_buffers_blend GL_ARB_draw_elements_base_vertex GL_ARB_draw_indirect GL_ARB_draw_instanced GL_ARB_enhanced_layouts GL_ARB_explicit_attrib_location GL_ARB_explicit_uniform_location GL_ARB_fragment_coord_conventions GL_ARB_fragment_layer_viewport GL_ARB_fragment_shader GL_ARB_framebuffer_no_attachments GL_ARB_framebuffer_object GL_ARB_framebuffer_sRGB GL_ARB_get_program_binary GL_ARB_get_texture_sub_image GL_ARB_gl_spirv GL_ARB_gpu_shader5 GL_ARB_gpu_shader_fp64 GL_ARB_gpu_shader_int64 GL_ARB_half_float_pixel GL_ARB_half_float_vertex GL_ARB_indirect_parameters GL_ARB_instanced_arrays GL_ARB_internalformat_query GL_ARB_internalformat_query2 GL_ARB_invalidate_subdata GL_ARB_map_buffer_alignment GL_ARB_map_buffer_range GL_ARB_multi_bind GL_ARB_multi_draw_indirect GL_ARB_occlusion_query2 GL_ARB_parallel_shader_compile GL_ARB_pipeline_statistics_query GL_ARB_pixel_buffer_object GL_ARB_point_sprite GL_ARB_polygon_offset_clamp GL_A
RB_post_depth_coverage GL_ARB_program_interface_query GL_ARB_provoking_vertex GL_ARB_query_buffer_object GL_ARB_robust_buffer_access_behavior GL_ARB_robustness GL_ARB_sample_shading GL_ARB_sampler_objects GL_ARB_seamless_cube_map GL_ARB_seamless_cubemap_per_texture GL_ARB_separate_shader_objects GL_ARB_shader_atomic_counter_ops GL_ARB_shader_atomic_counters GL_ARB_shader_ballot GL_ARB_shader_bit_encoding GL_ARB_shader_clock GL_ARB_shader_draw_parameters GL_ARB_shader_group_vote GL_ARB_shader_image_load_store GL_ARB_shader_image_size GL_ARB_shader_objects GL_ARB_shader_precision GL_ARB_shader_stencil_export GL_ARB_shader_storage_buffer_object GL_ARB_shader_subroutine GL_ARB_shader_texture_image_samples GL_ARB_shader_texture_lod GL_ARB_shader_viewport_layer_array GL_ARB_shading_language_420pack GL_ARB_shading_language_include GL_ARB_shading_language_packing GL_ARB_sparse_buffer GL_ARB_sparse_texture GL_ARB_sparse_texture2 GL_ARB_sparse_texture_clamp GL_ARB_spirv_extensions GL_ARB_stencil_texturing GL_ARB_sync 
GL_ARB_tessellation_shader GL_ARB_texture_barrier GL_ARB_texture_border_clamp GL_ARB_texture_buffer_object GL_ARB_texture_buffer_object_rgb32 GL_ARB_texture_buffer_range GL_ARB_texture_compression_bptc GL_ARB_texture_compression_rgtc GL_ARB_texture_cube_map_array GL_ARB_texture_filter_anisotropic GL_ARB_texture_filter_minmax GL_ARB_texture_float GL_ARB_texture_gather GL_ARB_texture_mirror_clamp_to_edge GL_ARB_texture_multisample GL_ARB_texture_non_power_of_two GL_ARB_texture_query_levels GL_ARB_texture_query_lod GL_ARB_texture_rectangle GL_ARB_texture_rg GL_ARB_texture_rgb10_a2ui GL_ARB_texture_stencil8 GL_ARB_texture_storage GL_ARB_texture_storage_multisample GL_ARB_texture_swizzle GL_ARB_texture_view GL_ARB_timer_query GL_ARB_transform_feedback2 GL_ARB_transform_feedback3 GL_ARB_transform_feedback_instanced GL_ARB_transform_feedback_overflow_query GL_ARB_uniform_buffer_object GL_ARB_vertex_array_bgra GL_ARB_vertex_array_object GL_ARB_vertex_attrib_64bit GL_ARB_vertex_attrib_binding GL_ARB_vertex_buffer_obj
ect GL_ARB_vertex_shader GL_ARB_vertex_type_10f_11f_11f_rev GL_ARB_vertex_type_2_10_10_10_rev GL_ARB_viewport_array GL_ATI_blend_equation_separate GL_ATI_meminfo GL_ATI_texture_float GL_ATI_texture_mirror_once GL_EXT_EGL_image_storage GL_EXT_EGL_image_storage_compression GL_EXT_EGL_sync GL_EXT_abgr GL_EXT_blend_equation_separate GL_EXT_debug_label GL_EXT_demote_to_helper_invocation GL_EXT_depth_bounds_test GL_EXT_draw_buffers2 GL_EXT_draw_instanced GL_EXT_framebuffer_blit GL_EXT_framebuffer_multisample GL_EXT_framebuffer_multisample_blit_scaled GL_EXT_framebuffer_object GL_EXT_framebuffer_sRGB GL_EXT_memory_object GL_EXT_memory_object_fd GL_EXT_mesh_shader GL_EXT_packed_depth_stencil GL_EXT_packed_float GL_EXT_pixel_buffer_object GL_EXT_polygon_offset_clamp GL_EXT_provoking_vertex GL_EXT_semaphore GL_EXT_semaphore_fd GL_EXT_shader_clock GL_EXT_shader_image_load_formatted GL_EXT_shader_image_load_store GL_EXT_shader_integer_mix GL_EXT_texture_array GL_EXT_texture_compression_dxt1 GL_EXT_texture_compression_rg
tc GL_EXT_texture_compression_s3tc GL_EXT_texture_filter_anisotropic GL_EXT_texture_filter_minmax GL_EXT_texture_integer GL_EXT_texture_mirror_clamp GL_EXT_texture_sRGB GL_EXT_texture_sRGB_R8 GL_EXT_texture_sRGB_RG8 GL_EXT_texture_sRGB_decode GL_EXT_texture_shadow_lod GL_EXT_texture_shared_exponent GL_EXT_texture_snorm GL_EXT_texture_storage GL_EXT_texture_swizzle GL_EXT_timer_query GL_EXT_transform_feedback GL_EXT_vertex_array_bgra GL_EXT_vertex_attrib_64bit GL_EXT_window_rectangles GL_IBM_multimode_draw_arrays GL_INTEL_blackhole_render GL_KHR_blend_equation_advanced GL_KHR_context_flush_control GL_KHR_debug GL_KHR_no_error GL_KHR_parallel_shader_compile GL_KHR_robust_buffer_access_behavior GL_KHR_robustness GL_KHR_shader_subgroup GL_KHR_texture_compression_astc_ldr GL_KHR_texture_compression_astc_sliced_3d GL_MESA_framebuffer_flip_y GL_MESA_pack_invert GL_MESA_shader_integer_functions GL_MESA_texture_const_bandwidth GL_MESA_texture_signed_rgba GL_NVX_gpu_memory_info GL_NV_alpha_to_coverage_dither_control G
L_NV_compute_shader_derivatives GL_NV_conditional_render GL_NV_copy_image GL_NV_depth_clamp GL_NV_packed_depth_stencil GL_NV_shader_atomic_int64 GL_NV_texture_barrier GL_OES_EGL_image GL_S3_s3tc
OPENGL LOG: Creating OpenGL 4.6 graphics device ; Context level  <OpenGL 4.5> ; Context handle 1483494304
Initialize mono
Mono path[0] = '/home/temel/Unity/Hub/Editor/6000.4.3f1/Editor/Data/Managed'
Mono path[1] = '/home/temel/Unity/Hub/Editor/6000.4.3f1/Editor/Data/MonoBleedingEdge/lib/mono/unityjit-linux'
Mono config path = '/home/temel/Unity/Hub/Editor/6000.4.3f1/Editor/Data/MonoBleedingEdge/etc'
Using monoOptions --debugger-agent=transport=dt_socket,embedding=1,server=y,suspend=n,address=127.0.0.1:56496
CodeReloadManager initialized
Begin MonoManager ReloadAssembly
Registering precompiled unity dll's ...
Register platform support module: /home/temel/Unity/Hub/Editor/6000.4.3f1/Editor/Data/PlaybackEngines/WindowsStandaloneSupport/UnityEditor.WindowsStandalone.Extensions.dll
Register platform support module: /home/temel/Unity/Hub/Editor/6000.4.3f1/Editor/Data/PlaybackEngines/LinuxStandaloneSupport/UnityEditor.LinuxStandalone.Extensions.dll
Registered in 0.001515 seconds.
Native extension for LinuxStandalone target not found
Native extension for WindowsStandalone target not found
Package Manager log level set to [2]
[Package Manager] Failed to launch server process. Reason: Unity was launched with the -noUpm command-line argument
[Package Manager] Unable to send message (not connected to server process).
[Package Manager] Cannot connect to Unity Package Manager local server
[Package Manager] Failed to launch server process. Reason: Unity was launched with the -noUpm command-line argument
[Package Manager] Unable to send message (not connected to server process).
[Package Manager] Cannot connect to Unity Package Manager local server
ScheduleIndexationOnStartup MainProcess:False IndexOnStartup:True
Mono: successfully reloaded assembly
- Finished resetting the current domain, in  0.319 seconds
Domain Reload Profiling: 595ms
	BeginReloadAssembly (57ms)
	RebuildCommonClasses (27ms)
	RebuildNativeTypeToScriptingClass (7ms)
	initialDomainReloadingComplete (41ms)
	LoadAllAssembliesAndSetupDomain (142ms)
		LoadAssemblies (57ms)
		AnalyzeDomain (135ms)
			TypeCache.Refresh (134ms)
				TypeCache.ScanAssembly (125ms)
	FinalizeReload (320ms)
		SetupLoadedEditorAssemblies (0ms)
			InitializePlatformSupportModulesInManaged (59ms)
			BeforeProcessingInitializeOnLoad (71ms)
			ProcessInitializeOnLoadAttributes (83ms)
			ProcessInitializeOnLoadMethodAttributes (46ms)
========================================================================
Worker process is ready to serve import requests
Import Worker Mode flag is 0x00
Begin MonoManager ReloadAssembly
[Licensing::Client] Successfully resolved entitlement details
[Licensing::Module] License group:
  Id: 18966642057347-UnityPersXXXX
  Product: Unity Personal
  Type: Assigned
  Expiration: Unlimited
Assembly Assembly-CSharp-Editor-firstpass.dll at Library/ScriptAssemblies/Assembly-CSharp-Editor-firstpass.dll not valid. Loading of assembly skipped.
Assembly Assembly-CSharp-firstpass.dll at Library/ScriptAssemblies/Assembly-CSharp-firstpass.dll not valid. Loading of assembly skipped.
Assembly DocCodeExamples.dll at Library/ScriptAssemblies/DocCodeExamples.dll not valid. Loading of assembly skipped.
Assembly TestNewCustomAssembly.dll at Library/ScriptAssemblies/TestNewCustomAssembly.dll not valid. Loading of assembly skipped.
Assembly Unity.Collections.BurstCompatibilityGen.dll at Library/ScriptAssemblies/Unity.Collections.BurstCompatibilityGen.dll not valid. Loading of assembly skipped.
Assembly Unity.Collections.DocCodeSamples.dll at Library/ScriptAssemblies/Unity.Collections.DocCodeSamples.dll not valid. Loading of assembly skipped.
Assembly Unity.Collections.PerformanceTests.dll at Library/ScriptAssemblies/Unity.Collections.PerformanceTests.dll not valid. Loading of assembly skipped.
Assembly Unity.Collections.Tests.dll at Library/ScriptAssemblies/Unity.Collections.Tests.dll not valid. Loading of assembly skipped.
Assembly Unity.Collections.Tests.Playmode.dll at Library/ScriptAssemblies/Unity.Collections.Tests.Playmode.dll not valid. Loading of assembly skipped.
Assembly Unity.InputSystem.IntegrationTests.dll at Library/ScriptAssemblies/Unity.InputSystem.IntegrationTests.dll not valid. Loading of assembly skipped.
Assembly Unity.Mathematics.Tests.dll at Library/ScriptAssemblies/Unity.Mathematics.Tests.dll not valid. Loading of assembly skipped.
Assembly Unity.Multiplayer.Center.Editor.Tests.dll at Library/ScriptAssemblies/Unity.Multiplayer.Center.Editor.Tests.dll not valid. Loading of assembly skipped.
Assembly Unity.Multiplayer.Center.Tests.dll at Library/ScriptAssemblies/Unity.Multiplayer.Center.Tests.dll not valid. Loading of assembly skipped.
Assembly Unity.Nuget.Mono-Cecil.dll at Library/ScriptAssemblies/Unity.Nuget.Mono-Cecil.dll not valid. Loading of assembly skipped.
Assembly Unity.PathTracing.Editor.Tests.dll at Library/ScriptAssemblies/Unity.PathTracing.Editor.Tests.dll not valid. Loading of assembly skipped.
Assembly Unity.PathTracing.Runtime.Tests.dll at Library/ScriptAssemblies/Unity.PathTracing.Runtime.Tests.dll not valid. Loading of assembly skipped.
Assembly Unity.RenderPipelines.Core.Editor.Tests.dll at Library/ScriptAssemblies/Unity.RenderPipelines.Core.Editor.Tests.dll not valid. Loading of assembly skipped.
Assembly Unity.RenderPipelines.Core.Runtime.Tests.dll at Library/ScriptAssemblies/Unity.RenderPipelines.Core.Runtime.Tests.dll not valid. Loading of assembly skipped.
Assembly Unity.RenderPipelines.Universal.Config.Editor.Tests.dll at Library/ScriptAssemblies/Unity.RenderPipelines.Universal.Config.Editor.Tests.dll not valid. Loading of assembly skipped.
Assembly Unity.RenderPipelines.Universal.Editor.Tests.dll at Library/ScriptAssemblies/Unity.RenderPipelines.Universal.Editor.Tests.dll not valid. Loading of assembly skipped.
Assembly Unity.RenderPipelines.Universal.Runtime.Tests.dll at Library/ScriptAssemblies/Unity.RenderPipelines.Universal.Runtime.Tests.dll not valid. Loading of assembly skipped.
Assembly Unity.Searcher.EditorTests.dll at Library/ScriptAssemblies/Unity.Searcher.EditorTests.dll not valid. Loading of assembly skipped.
Assembly Unity.ShaderGraph.Editor.Tests.dll at Library/ScriptAssemblies/Unity.ShaderGraph.Editor.Tests.dll not valid. Loading of assembly skipped.
Assembly Unity.Sysroot.EditorTests.dll at Library/ScriptAssemblies/Unity.Sysroot.EditorTests.dll not valid. Loading of assembly skipped.
Assembly Unity.Sysroot.Linux_x86_64.EditorTests.dll at Library/ScriptAssemblies/Unity.Sysroot.Linux_x86_64.EditorTests.dll not valid. Loading of assembly skipped.
Assembly Unity.TextMeshPro.Editor.Tests.dll at Library/ScriptAssemblies/Unity.TextMeshPro.Editor.Tests.dll not valid. Loading of assembly skipped.
Assembly Unity.TextMeshPro.Tests.dll at Library/ScriptAssemblies/Unity.TextMeshPro.Tests.dll not valid. Loading of assembly skipped.
Assembly Unity.Toolchain.Linux-x86_64-Linux.EditorTests.dll at Library/ScriptAssemblies/Unity.Toolchain.Linux-x86_64-Linux.EditorTests.dll not valid. Loading of assembly skipped.
Assembly Unity.UnifiedRayTracing.Editor.Tests.dll at Library/ScriptAssemblies/Unity.UnifiedRayTracing.Editor.Tests.dll not valid. Loading of assembly skipped.
Assembly UnityEditor.UI.Common.Tests.dll at Library/ScriptAssemblies/UnityEditor.UI.Common.Tests.dll not valid. Loading of assembly skipped.
Assembly UnityEditor.UI.EditorTests.dll at Library/ScriptAssemblies/UnityEditor.UI.EditorTests.dll not valid. Loading of assembly skipped.
Assembly UnityEngine.UI.Tests.dll at Library/ScriptAssemblies/UnityEngine.UI.Tests.dll not valid. Loading of assembly skipped.
Native extension for LinuxStandalone target not found
Native extension for WindowsStandalone target not found
[Package Manager] Failed to launch server process. Reason: Unity was launched with the -noUpm command-line argument
[Package Manager] Unable to send message (not connected to server process).
[Package Manager] Cannot connect to Unity Package Manager local server
[Package Manager] Failed to launch server process. Reason: Unity was launched with the -noUpm command-line argument
[Package Manager] Unable to send message (not connected to server process).
[Package Manager] Cannot connect to Unity Package Manager local server
ScheduleIndexationOnStartup MainProcess:False IndexOnStartup:True
Mono: successfully reloaded assembly
- Finished resetting the current domain, in  0.563 seconds
Domain Reload Profiling: 1031ms
	BeginReloadAssembly (85ms)
		DisableScriptedObjects (4ms)
		CreateAndSetChildDomain (24ms)
	RebuildCommonClasses (26ms)
	RebuildNativeTypeToScriptingClass (6ms)
	initialDomainReloadingComplete (38ms)
	LoadAllAssembliesAndSetupDomain (314ms)
		LoadAssemblies (163ms)
		AnalyzeDomain (178ms)
			TypeCache.Refresh (124ms)
				TypeCache.ScanAssembly (114ms)
			BuildScriptInfoCaches (45ms)
			ResolveRequiredComponents (7ms)
	FinalizeReload (563ms)
		SetupLoadedEditorAssemblies (0ms)
			InitializePlatformSupportModulesInManaged (14ms)
			BeforeProcessingInitializeOnLoad (107ms)
			ProcessInitializeOnLoadAttributes (200ms)
			ProcessInitializeOnLoadMethodAttributes (52ms)
			AfterProcessingInitializeOnLoad (4ms)
		AwakeInstancesAfterBackupRestoration (3ms)
Shader Hidden/ChartRasterizerHardware is not supported: GPU does not support conservative rasterization
Shader Hidden/ChartRasterizerHardware is not supported: GPU does not support conservative rasterization
AutoLocale: current locale expects 'C' but got 'en_US.UTF-8'Launched and connected shader compiler UnityShaderCompiler after 0.01 seconds
Unloading 25 Unused Serialized files (Serialized files now loaded: 0)
Unloading 6544 unused Assets / (5.9 MB). Loaded Objects now: 7379.
Memory consumption went from 173.6 MB to 167.7 MB.
Total: 8.384944 ms (FindLiveObjects: 0.562986 ms CreateObjectMapping: 0.675317 ms MarkObjects: 5.134539 ms  DeleteObjects: 2.011332 ms)

========================================================================
Received Prepare
Shader Hidden/ChartRasterizerHardware is not supported: GPU does not support conservative rasterization
Unloading 25 Unused Serialized files (Serialized files now loaded: 0)
Unloading 6536 unused Assets / (6.0 MB). Loaded Objects now: 7386.
Memory consumption went from 171.5 MB to 165.5 MB.
Total: 11.458548 ms (FindLiveObjects: 1.074285 ms CreateObjectMapping: 0.921779 ms MarkObjects: 6.626366 ms  DeleteObjects: 2.835257 ms)

Prepare: number of updated asset objects reloaded= 0
========================================================================
Received Import Request.
  Time since last request: 13318.712960 seconds.
  path: Assets/Scripts/PlayerController.cs
  importAddress: Guid(9bf322326ab39ad13929e68eb3bbc1b8) Importer(2089858483,b0f066a214c2f5e87bad3c948f4d605d)
Start importing Assets/Scripts/PlayerController.cs using Guid(9bf322326ab39ad13929e68eb3bbc1b8) Importer(2089858483,b0f066a214c2f5e87bad3c948f4d605d) (ScriptedImporter) -> (Import Result ID: 'dac4eed210c3d8b2535611cce6266519') in 0.053248919 seconds [static and dynamic dependencies]. Details - ImportResultOutputID=a4bb9f81a11fec1e3a81a90f463e67d9 DependenciesID=a280a76e0961004758acc30ba1505a2e StaticDependenciesID=02565a3927692d9ca6aa280445497326 
Number of updated asset objects reloaded before import = 0Number of asset objects unloaded after import = 0

========================================================================
Received Import Request.
  Time since last request: 0.001992 seconds.
  path: Assets/Scripts/EventToast.cs
  importAddress: Guid(160471cc5d769be6e8b3216313fdbd33) Importer(2089858483,b0f066a214c2f5e87bad3c948f4d605d)
Start importing Assets/Scripts/EventToast.cs using Guid(160471cc5d769be6e8b3216313fdbd33) Importer(2089858483,b0f066a214c2f5e87bad3c948f4d605d) (ScriptedImporter) -> (Import Result ID: '8bac71edde4e5bf2cf37a5fe288dff42') in 0.001573701 seconds [static and dynamic dependencies]. Details - ImportResultOutputID=d8019d8d0a083997420705e627192019 DependenciesID=c7a107068d081e57ee02522aa0c6e083 StaticDependenciesID=de640cad447af23902f33f9c4b7cb459 
Number of updated asset objects reloaded before import = 0Number of asset objects unloaded after import = 0

========================================================================
Received Import Request.
  Time since last request: 0.000012 seconds.
  path: Assets/Scripts/TileClickHandler.cs
  importAddress: Guid(61281f9b58ae1dde6a303b1784ba81f1) Importer(2089858483,b0f066a214c2f5e87bad3c948f4d605d)
Start importing Assets/Scripts/TileClickHandler.cs using Guid(61281f9b58ae1dde6a303b1784ba81f1) Importer(2089858483,b0f066a214c2f5e87bad3c948f4d605d) (ScriptedImporter) -> (Import Result ID: '0aca91255529209c64e7f8180eb2cd0e') in 0.001696551 seconds [static and dynamic dependencies]. Details - ImportResultOutputID=fbef3d78924f67ecc38fdf350ff0dc85 DependenciesID=47fcc300e5d057a27ecb742f6e5a7d32 StaticDependenciesID=6d3ffa86d6b535374cff203ae4ba728a 
Number of updated asset objects reloaded before import = 0Number of asset objects unloaded after import = 0

========================================================================
Received Import Request.
  Time since last request: 0.000014 seconds.
  path: Assets/Scripts/UIManager.cs
  importAddress: Guid(f8b7cca21993b284189a861af0410fb7) Importer(2089858483,b0f066a214c2f5e87bad3c948f4d605d)
Start importing Assets/Scripts/UIManager.cs using Guid(f8b7cca21993b284189a861af0410fb7) Importer(2089858483,b0f066a214c2f5e87bad3c948f4d605d) (ScriptedImporter) -> (Import Result ID: 'a32732970a8fde8bfb18a8a8f9046f71') in 0.00150895 seconds [static and dynamic dependencies]. Details - ImportResultOutputID=9093ced6cca1d01cfb3859c0acb9b959 DependenciesID=658bea02801202f68de05825be9928ee StaticDependenciesID=57f744e23d49c96cae8aa805b742b6ad 
Number of updated asset objects reloaded before import = 0Number of asset objects unloaded after import = 0

========================================================================
Received Prepare
Begin MonoManager ReloadAssembly
[Licensing::Client] Successfully resolved entitlement details
Assembly Assembly-CSharp-Editor-firstpass.dll at Library/ScriptAssemblies/Assembly-CSharp-Editor-firstpass.dll not valid. Loading of assembly skipped.
Assembly Assembly-CSharp-firstpass.dll at Library/ScriptAssemblies/Assembly-CSharp-firstpass.dll not valid. Loading of assembly skipped.
Assembly DocCodeExamples.dll at Library/ScriptAssemblies/DocCodeExamples.dll not valid. Loading of assembly skipped.
Assembly TestNewCustomAssembly.dll at Library/ScriptAssemblies/TestNewCustomAssembly.dll not valid. Loading of assembly skipped.
Assembly Unity.Collections.BurstCompatibilityGen.dll at Library/ScriptAssemblies/Unity.Collections.BurstCompatibilityGen.dll not valid. Loading of assembly skipped.
Assembly Unity.Collections.DocCodeSamples.dll at Library/ScriptAssemblies/Unity.Collections.DocCodeSamples.dll not valid. Loading of assembly skipped.
Assembly Unity.Collections.PerformanceTests.dll at Library/ScriptAssemblies/Unity.Collections.PerformanceTests.dll not valid. Loading of assembly skipped.
Assembly Unity.Collections.Tests.dll at Library/ScriptAssemblies/Unity.Collections.Tests.dll not valid. Loading of assembly skipped.
Assembly Unity.Collections.Tests.Playmode.dll at Library/ScriptAssemblies/Unity.Collections.Tests.Playmode.dll not valid. Loading of assembly skipped.
Assembly Unity.InputSystem.IntegrationTests.dll at Library/ScriptAssemblies/Unity.InputSystem.IntegrationTests.dll not valid. Loading of assembly skipped.
Assembly Unity.Mathematics.Tests.dll at Library/ScriptAssemblies/Unity.Mathematics.Tests.dll not valid. Loading of assembly skipped.
Assembly Unity.Multiplayer.Center.Editor.Tests.dll at Library/ScriptAssemblies/Unity.Multiplayer.Center.Editor.Tests.dll not valid. Loading of assembly skipped.
Assembly Unity.Multiplayer.Center.Tests.dll at Library/ScriptAssemblies/Unity.Multiplayer.Center.Tests.dll not valid. Loading of assembly skipped.
Assembly Unity.Nuget.Mono-Cecil.dll at Library/ScriptAssemblies/Unity.Nuget.Mono-Cecil.dll not valid. Loading of assembly skipped.
Assembly Unity.PathTracing.Editor.Tests.dll at Library/ScriptAssemblies/Unity.PathTracing.Editor.Tests.dll not valid. Loading of assembly skipped.
Assembly Unity.PathTracing.Runtime.Tests.dll at Library/ScriptAssemblies/Unity.PathTracing.Runtime.Tests.dll not valid. Loading of assembly skipped.
Assembly Unity.RenderPipelines.Core.Editor.Tests.dll at Library/ScriptAssemblies/Unity.RenderPipelines.Core.Editor.Tests.dll not valid. Loading of assembly skipped.
Assembly Unity.RenderPipelines.Core.Runtime.Tests.dll at Library/ScriptAssemblies/Unity.RenderPipelines.Core.Runtime.Tests.dll not valid. Loading of assembly skipped.
Assembly Unity.RenderPipelines.Universal.Config.Editor.Tests.dll at Library/ScriptAssemblies/Unity.RenderPipelines.Universal.Config.Editor.Tests.dll not valid. Loading of assembly skipped.
Assembly Unity.RenderPipelines.Universal.Editor.Tests.dll at Library/ScriptAssemblies/Unity.RenderPipelines.Universal.Editor.Tests.dll not valid. Loading of assembly skipped.
Assembly Unity.RenderPipelines.Universal.Runtime.Tests.dll at Library/ScriptAssemblies/Unity.RenderPipelines.Universal.Runtime.Tests.dll not valid. Loading of assembly skipped.
Assembly Unity.Searcher.EditorTests.dll at Library/ScriptAssemblies/Unity.Searcher.EditorTests.dll not valid. Loading of assembly skipped.
Assembly Unity.ShaderGraph.Editor.Tests.dll at Library/ScriptAssemblies/Unity.ShaderGraph.Editor.Tests.dll not valid. Loading of assembly skipped.
Assembly Unity.Sysroot.EditorTests.dll at Library/ScriptAssemblies/Unity.Sysroot.EditorTests.dll not valid. Loading of assembly skipped.
Assembly Unity.Sysroot.Linux_x86_64.EditorTests.dll at Library/ScriptAssemblies/Unity.Sysroot.Linux_x86_64.EditorTests.dll not valid. Loading of assembly skipped.
Assembly Unity.TextMeshPro.Editor.Tests.dll at Library/ScriptAssemblies/Unity.TextMeshPro.Editor.Tests.dll not valid. Loading of assembly skipped.
Assembly Unity.TextMeshPro.Tests.dll at Library/ScriptAssemblies/Unity.TextMeshPro.Tests.dll not valid. Loading of assembly skipped.
Assembly Unity.Toolchain.Linux-x86_64-Linux.EditorTests.dll at Library/ScriptAssemblies/Unity.Toolchain.Linux-x86_64-Linux.EditorTests.dll not valid. Loading of assembly skipped.
Assembly Unity.UnifiedRayTracing.Editor.Tests.dll at Library/ScriptAssemblies/Unity.UnifiedRayTracing.Editor.Tests.dll not valid. Loading of assembly skipped.
Assembly UnityEditor.UI.Common.Tests.dll at Library/ScriptAssemblies/UnityEditor.UI.Common.Tests.dll not valid. Loading of assembly skipped.
Assembly UnityEditor.UI.EditorTests.dll at Library/ScriptAssemblies/UnityEditor.UI.EditorTests.dll not valid. Loading of assembly skipped.
Assembly UnityEngine.UI.Tests.dll at Library/ScriptAssemblies/UnityEngine.UI.Tests.dll not valid. Loading of assembly skipped.
Assertion failed on expression: 'pred(*previous, *i)'
Assertion failed on expression: 'pred(*previous, *i)'
Assertion failed on expression: 'pred(*previous, *i)'
Assertion failed on expression: 'pred(*previous, *i)'
Assertion failed on expression: 'pred(*previous, *i)'
Native extension for LinuxStandalone target not found
Native extension for WindowsStandalone target not found
[Package Manager] Failed to launch server process. Reason: Unity was launched with the -noUpm command-line argument
[Package Manager] Unable to send message (not connected to server process).
[Package Manager] Cannot connect to Unity Package Manager local server
[Package Manager] Failed to launch server process. Reason: Unity was launched with the -noUpm command-line argument
[Package Manager] Unable to send message (not connected to server process).
[Package Manager] Cannot connect to Unity Package Manager local server
ScheduleIndexationOnStartup MainProcess:False IndexOnStartup:True
Mono: successfully reloaded assembly
- Finished resetting the current domain, in  0.512 seconds
Domain Reload Profiling: 1006ms
	BeginReloadAssembly (122ms)
		DisableScriptedObjects (4ms)
		CreateAndSetChildDomain (42ms)
	RebuildCommonClasses (28ms)
	RebuildNativeTypeToScriptingClass (6ms)
	initialDomainReloadingComplete (35ms)
	LoadAllAssembliesAndSetupDomain (301ms)
		LoadAssemblies (196ms)
		AnalyzeDomain (138ms)
			TypeCache.Refresh (8ms)
			BuildScriptInfoCaches (122ms)
			ResolveRequiredComponents (7ms)
	FinalizeReload (512ms)
		SetupLoadedEditorAssemblies (0ms)
			InitializePlatformSupportModulesInManaged (15ms)
			BeforeProcessingInitializeOnLoad (118ms)
			ProcessInitializeOnLoadAttributes (183ms)
			ProcessInitializeOnLoadMethodAttributes (52ms)
			AfterProcessingInitializeOnLoad (4ms)
		AwakeInstancesAfterBackupRestoration (9ms)
Shader Hidden/ChartRasterizerHardware is not supported: GPU does not support conservative rasterization
Unloading 25 Unused Serialized files (Serialized files now loaded: 0)
Unloading 6547 unused Assets / (6.3 MB). Loaded Objects now: 7404.
Memory consumption went from 178.8 MB to 172.4 MB.
Total: 9.614089 ms (FindLiveObjects: 0.544201 ms CreateObjectMapping: 0.580779 ms MarkObjects: 6.130707 ms  DeleteObjects: 2.357501 ms)

Prepare: number of updated asset objects reloaded= 0
========================================================================
Received Import Request.
  Time since last request: 152.269308 seconds.
  path: Assets/GameConfig.asset
  importAddress: Guid(2979c54e5d9df830c9e34367023542fb) Importer(815301076,1909f56bfc062723c751e8b465ee728b)
Start importing Assets/GameConfig.asset using Guid(2979c54e5d9df830c9e34367023542fb) Importer(815301076,1909f56bfc062723c751e8b465ee728b) (PreviewImporter) -> (Import Result ID: '0a722764de728a2f1dd48ae66689bb9f') in 0.013838471 seconds [static and dynamic dependencies]. Details - ImportResultOutputID=73b63683a2ce48cbb08bcb03b925635d DependenciesID=a51050fe9b524ea55e1ced9359d2aa4d StaticDependenciesID=d1e85d3711608aa2408cc28765edea49 
Number of updated asset objects reloaded before import = 0Number of asset objects unloaded after import = 1

========================================================================
Received Import Request.
  Time since last request: 140.360511 seconds.
  path: Assets/GameConfig.asset
  importAddress: Guid(2979c54e5d9df830c9e34367023542fb) Importer(815301076,1909f56bfc062723c751e8b465ee728b)
Start importing Assets/GameConfig.asset using Guid(2979c54e5d9df830c9e34367023542fb) Importer(815301076,1909f56bfc062723c751e8b465ee728b) (PreviewImporter) -> (Import Result ID: '11f09018f134e088bbfa94eec931f17c') in 0.000884789 seconds [static and dynamic dependencies]. Details - ImportResultOutputID=73b63683a2ce48cbb08bcb03b925635d DependenciesID=ac69206767c4e5f1e1b3c5dd75f9641d StaticDependenciesID=e236d8f781c87d1b8a4b9c06157e8037 
Number of updated asset objects reloaded before import = 0Number of asset objects unloaded after import = 1

========================================================================
Received Import Request.
  Time since last request: 144.618043 seconds.
  path: Assets/Scripts/GameConfig.cs
  importAddress: Guid(36589b54ec5cb90e89856f74005293aa) Importer(815301076,1909f56bfc062723c751e8b465ee728b)
Start importing Assets/Scripts/GameConfig.cs using Guid(36589b54ec5cb90e89856f74005293aa) Importer(815301076,1909f56bfc062723c751e8b465ee728b) (PreviewImporter) -> (Import Result ID: '92f1d343e72aa7f56357f05176b4685a') in 0.000429646 seconds [static and dynamic dependencies]. Details - ImportResultOutputID=597e2fb3b75ba7cb7431e4c4267a070c DependenciesID=464b4dc94326452e8accc13d1ca74fc3 StaticDependenciesID=fec4f276aba89e0b296312a629fa2e8c 
Number of updated asset objects reloaded before import = 0Number of asset objects unloaded after import = 0

========================================================================
Received Import Request.
  Time since last request: 0.447515 seconds.
  path: Assets/Scripts/TileClickHandler.cs
  importAddress: Guid(61281f9b58ae1dde6a303b1784ba81f1) Importer(815301076,1909f56bfc062723c751e8b465ee728b)
Start importing Assets/Scripts/TileClickHandler.cs using Guid(61281f9b58ae1dde6a303b1784ba81f1) Importer(815301076,1909f56bfc062723c751e8b465ee728b) (PreviewImporter) -> (Import Result ID: '2a9d417475aae99c9ce44a78df46eab8') in 0.000424235 seconds [static and dynamic dependencies]. Details - ImportResultOutputID=0844cf9a7f141fd3d446e975d867ab5a DependenciesID=5389c6d848b906e38661f481f188b1fd StaticDependenciesID=11ffe9a3e340c973303859d12047a692 
Number of updated asset objects reloaded before import = 0Number of asset objects unloaded after import = 0

========================================================================
Received Import Request.
  Time since last request: 0.311161 seconds.
  path: Assets/Scripts/UIManager.cs
  importAddress: Guid(f8b7cca21993b284189a861af0410fb7) Importer(815301076,1909f56bfc062723c751e8b465ee728b)
Start importing Assets/Scripts/UIManager.cs using Guid(f8b7cca21993b284189a861af0410fb7) Importer(815301076,1909f56bfc062723c751e8b465ee728b) (PreviewImporter) -> (Import Result ID: '1fed793bd2fcb2a1e9befb9100cd27d3') in 0.000350968 seconds [static and dynamic dependencies]. Details - ImportResultOutputID=c671fc8f9415bab785f4e7d7df725394 DependenciesID=ffe05486c7935cbd2258c75edede4cff StaticDependenciesID=9a45d71e2d4c05319c7169c883957671 
Number of updated asset objects reloaded before import = 0Number of asset objects unloaded after import = 0

========================================================================
Received Import Request.
  Time since last request: 0.345508 seconds.
  path: Assets/Scripts/VoxelWorld.cs
  importAddress: Guid(df809a238885f532389df97c35df43c3) Importer(815301076,1909f56bfc062723c751e8b465ee728b)
Start importing Assets/Scripts/VoxelWorld.cs using Guid(df809a238885f532389df97c35df43c3) Importer(815301076,1909f56bfc062723c751e8b465ee728b) (PreviewImporter) -> (Import Result ID: 'fe73691f43a592c92b83028b2bd2706a') in 0.000481052 seconds [static and dynamic dependencies]. Details - ImportResultOutputID=14304e9e9808a3589bf3c2dfb250643f DependenciesID=f88d7202b312d43319083fb46a671422 StaticDependenciesID=2cd0482cbffd12e047d51b09cc8607c3 
Number of updated asset objects reloaded before import = 0Number of asset objects unloaded after import = 0

========================================================================
Received Import Request.
  Time since last request: 12.087972 seconds.
  path: Assets/TextMesh Pro/Fonts/LiberationSans.ttf
  importAddress: Guid(e3265ab4bf004d28a9537516768c1c75) Importer(815301076,1909f56bfc062723c751e8b465ee728b)
Start importing Assets/TextMesh Pro/Fonts/LiberationSans.ttf using Guid(e3265ab4bf004d28a9537516768c1c75) Importer(815301076,1909f56bfc062723c751e8b465ee728b) (PreviewImporter) -> (Import Result ID: '0bb146e986902b509d60b138a8540ad3') in 0.338187527 seconds [static and dynamic dependencies]. Details - ImportResultOutputID=66b7e74c3d1b30061bdcc3359b15930c DependenciesID=be352d397d53f958f86b8c2cfd031623 StaticDependenciesID=c45c4f5f9a6966af5ef23cf802d63284 
Number of updated asset objects reloaded before import = 0Number of asset objects unloaded after import = 4

========================================================================
Received Import Request.
  Time since last request: 0.000048 seconds.
  path: Assets/TextMesh Pro/Shaders/TMP_SDF-HDRP LIT.shadergraph
  importAddress: Guid(ca2ed216f98028c4dae6c5224a952b3c) Importer(815301076,1909f56bfc062723c751e8b465ee728b)
Start importing Assets/TextMesh Pro/Shaders/TMP_SDF-HDRP LIT.shadergraph using Guid(ca2ed216f98028c4dae6c5224a952b3c) Importer(815301076,1909f56bfc062723c751e8b465ee728b) (PreviewImporter) -> (Import Result ID: '0d6b2e357149b9abf5ff6044e65fa1c4') in 0.007549668 seconds [static and dynamic dependencies]. Details - ImportResultOutputID=6bc77020f81b2aa1c1dc1d2f2e92b033 DependenciesID=bad912357374bf863dd562a366a8a084 StaticDependenciesID=96d808ad268e68cdd33cb37dd562b032 
Number of updated asset objects reloaded before import = 0Number of asset objects unloaded after import = 2

========================================================================
Received Import Request.
  Time since last request: 0.000047 seconds.
  path: Assets/TextMesh Pro/Resources/Fonts & Materials/LiberationSans SDF - Outline.mat
  importAddress: Guid(79459efec17a4d00a321bdcc27bbc385) Importer(815301076,1909f56bfc062723c751e8b465ee728b)
Start importing Assets/TextMesh Pro/Resources/Fonts & Materials/LiberationSans SDF - Outline.mat using Guid(79459efec17a4d00a321bdcc27bbc385) Importer(815301076,1909f56bfc062723c751e8b465ee728b) (PreviewImporter) -> (Import Result ID: '47d26751a8356ab064fa95e5ed19f20e') in 0.050026655 seconds [static and dynamic dependencies]. Details - ImportResultOutputID=246cd8e01c441cca32a5068e3d37c69a DependenciesID=549024e7c5e77fa6e7e55ac17a3fd427 StaticDependenciesID=d3820e027795019612be79b140808df1 
Number of updated asset objects reloaded before import = 0Number of asset objects unloaded after import = 2

========================================================================
Received Import Request.
  Time since last request: 0.000017 seconds.
  path: Assets/TextMesh Pro/Shaders/TMP_SDF-URP Lit.shadergraph
  importAddress: Guid(a3d800b099a06e0478fb790c5e79057a) Importer(815301076,1909f56bfc062723c751e8b465ee728b)
Start importing Assets/TextMesh Pro/Shaders/TMP_SDF-URP Lit.shadergraph using Guid(a3d800b099a06e0478fb790c5e79057a) Importer(815301076,1909f56bfc062723c751e8b465ee728b) (PreviewImporter) -> (Import Result ID: 'd5e7a3a8e078074aab872e1e3f1a8cfc') in 1.01064351 seconds [static and dynamic dependencies]. Details - ImportResultOutputID=95a1e3079833f2fb9e3f97e47b19a9ab DependenciesID=5d36e75bd18c3a079bc090631dd85d4f StaticDependenciesID=890ff91953c4f5e08382569567706dc6 
Number of updated asset objects reloaded before import = 0Number of asset objects unloaded after import = 3

========================================================================
Received Import Request.
  Time since last request: 4.134637 seconds.
  path: Assets/TextMesh Pro/Shaders/TMP_SDF-URP Unlit.shadergraph
  importAddress: Guid(124c112a6e8f1a54e8b0870e881b56d8) Importer(815301076,1909f56bfc062723c751e8b465ee728b)
Start importing Assets/TextMesh Pro/Shaders/TMP_SDF-URP Unlit.shadergraph using Guid(124c112a6e8f1a54e8b0870e881b56d8) Importer(815301076,1909f56bfc062723c751e8b465ee728b) (PreviewImporter) -> (Import Result ID: 'ded505ae9c76cc5714f93578e2cc4a37') in 0.298108917 seconds [static and dynamic dependencies]. Details - ImportResultOutputID=ab2d8ea64c9a1ff051a396151bc227e2 DependenciesID=1e7e063a202350fd247b92ed318d417c StaticDependenciesID=dcca5ff0f6f6dbe8a9eb9b509b61a3e4 
Number of updated asset objects reloaded before import = 0Number of asset objects unloaded after import = 3

========================================================================
Received Import Request.
  Time since last request: 34.115039 seconds.
  path: Packages/com.unity.render-pipelines.universal/Editor/ShaderGraph/GraphTemplates/2D/0_2D Sprite Lit.shadergraph
  importAddress: Guid(bde135b320597544b9ac325092409f8b) Importer(815301076,1909f56bfc062723c751e8b465ee728b)
Start importing Packages/com.unity.render-pipelines.universal/Editor/ShaderGraph/GraphTemplates/2D/0_2D Sprite Lit.shadergraph using Guid(bde135b320597544b9ac325092409f8b) Importer(815301076,1909f56bfc062723c751e8b465ee728b) (PreviewImporter) -> (Import Result ID: 'd1dcb0d6ffa55eb3beff0c94062d872b') in 0.120717133 seconds [static and dynamic dependencies]. Details - ImportResultOutputID=6c94fbdd0c4e949d57b93e5c43632786 DependenciesID=122cc70b75212ec152a5a3dd08147db1 StaticDependenciesID=0b5fb353e39e870246c02b425c3c436e 
Number of updated asset objects reloaded before import = 0Number of asset objects unloaded after import = 2

========================================================================
Received Import Request.
  Time since last request: 0.000030 seconds.
  path: Packages/com.unity.searcher/Editor/Resources/FlatSkin/Font/Roboto-Light.ttf
  importAddress: Guid(2a29e27936eb547458f646f71125b264) Importer(815301076,1909f56bfc062723c751e8b465ee728b)
Start importing Packages/com.unity.searcher/Editor/Resources/FlatSkin/Font/Roboto-Light.ttf using Guid(2a29e27936eb547458f646f71125b264) Importer(815301076,1909f56bfc062723c751e8b465ee728b) (PreviewImporter) -> (Import Result ID: 'bb8a8a95bf9970aff030ff4dd41c2e87') in 0.00605234 seconds [static and dynamic dependencies]. Details - ImportResultOutputID=765cb646b8462e378b79a0f57ff45a80 DependenciesID=197cfb3e7492dbce6acf204795dab15a StaticDependenciesID=4e1bd38c24265fead2f66384ec0b0a0d 
Number of updated asset objects reloaded before import = 0Number of asset objects unloaded after import = 4

========================================================================
Received Import Request.
  Time since last request: 0.000025 seconds.
  path: Packages/com.unity.render-pipelines.universal/Editor/SceneTemplates/Materials/Emissive.mat
  importAddress: Guid(92f845725428c954b878da352f657fe5) Importer(815301076,1909f56bfc062723c751e8b465ee728b)
Start importing Packages/com.unity.render-pipelines.universal/Editor/SceneTemplates/Materials/Emissive.mat using Guid(92f845725428c954b878da352f657fe5) Importer(815301076,1909f56bfc062723c751e8b465ee728b) (PreviewImporter) -> (Import Result ID: '3eab3bac6976f48adceada7bdd572f36') in 0.808484008 seconds [static and dynamic dependencies]. Details - ImportResultOutputID=fb8d2404231ec1b1d2635904a4aaa190 DependenciesID=75dbfe18945e9bc60b6bce2253763606 StaticDependenciesID=0848bfc7e2f9dfbfa74fb6e973fcd017 
Number of updated asset objects reloaded before import = 0Number of asset objects unloaded after import = 1

========================================================================
Received Import Request.
  Time since last request: 0.000022 seconds.
  path: Packages/com.unity.render-pipelines.universal/Shaders/2D/VFXSpriteUnlit.shadergraph
  importAddress: Guid(d7288f66e4fb0634c9afef98c31b722a) Importer(815301076,1909f56bfc062723c751e8b465ee728b)
Start importing Packages/com.unity.render-pipelines.universal/Shaders/2D/VFXSpriteUnlit.shadergraph using Guid(d7288f66e4fb0634c9afef98c31b722a) Importer(815301076,1909f56bfc062723c751e8b465ee728b) (PreviewImporter) -> (Import Result ID: '66437314634b1a890eeacfc5113e54a1') in 0.116668379 seconds [static and dynamic dependencies]. Details - ImportResultOutputID=e05149663ec449f143a71ecee5771578 DependenciesID=77b7717a651cebc1220e7cbe9df3fc4a StaticDependenciesID=61945dc596fcf965003dd48bae4b95e5 
Number of updated asset objects reloaded before import = 0Number of asset objects unloaded after import = 2

========================================================================
Received Import Request.
  Time since last request: 0.000027 seconds.
  path: Packages/com.unity.shadergraph/GraphTemplates/Custom Render Texture.shadergraph
  importAddress: Guid(7ef2cf71ad164fe479662ae612dff99e) Importer(815301076,1909f56bfc062723c751e8b465ee728b)
Start importing Packages/com.unity.shadergraph/GraphTemplates/Custom Render Texture.shadergraph using Guid(7ef2cf71ad164fe479662ae612dff99e) Importer(815301076,1909f56bfc062723c751e8b465ee728b) (PreviewImporter) -> (Import Result ID: '70ced7fff6a094415fc70a221ef1791b') in 0.038861878 seconds [static and dynamic dependencies]. Details - ImportResultOutputID=31134fce74809b1ad2e1bffd069addd8 DependenciesID=4e68bc2708b8d677f5342a701b27f7e9 StaticDependenciesID=6f18c10c9c86bb1c651e2aeed122a07f 
Number of updated asset objects reloaded before import = 0Number of asset objects unloaded after import = 2

========================================================================
Received Import Request.
  Time since last request: 0.000020 seconds.
  path: Packages/com.unity.render-pipelines.universal/Runtime/Materials/TerrainLit.mat
  importAddress: Guid(594ea882c5a793440b60ff72d896021e) Importer(815301076,1909f56bfc062723c751e8b465ee728b)
Start importing Packages/com.unity.render-pipelines.universal/Runtime/Materials/TerrainLit.mat using Guid(594ea882c5a793440b60ff72d896021e) Importer(815301076,1909f56bfc062723c751e8b465ee728b) (PreviewImporter) -> (Import Result ID: '1f3b163542325f47c19d7187b6d12d32') in 1.07952799 seconds [static and dynamic dependencies]. Details - ImportResultOutputID=e05ae9ccea774e74cb5d22dcb01f4618 DependenciesID=80ec4ee55fe3858535fd562af1ecf778 StaticDependenciesID=ddea88acaad348afed19999f12b60e7b 
Number of updated asset objects reloaded before import = 0Number of asset objects unloaded after import = 0

========================================================================
Received Import Request.
  Time since last request: 0.000024 seconds.
  path: Packages/com.unity.render-pipelines.universal/Editor/SceneTemplates/Materials/Ground.mat
  importAddress: Guid(761d8e1f988ed2345a28312145c79c6e) Importer(815301076,1909f56bfc062723c751e8b465ee728b)
Start importing Packages/com.unity.render-pipelines.universal/Editor/SceneTemplates/Materials/Ground.mat using Guid(761d8e1f988ed2345a28312145c79c6e) Importer(815301076,1909f56bfc062723c751e8b465ee728b) (PreviewImporter) -> (Import Result ID: 'fc25eedd7b42bf2ddc9353637f9e216b') in 0.820842866 seconds [static and dynamic dependencies]. Details - ImportResultOutputID=bc827a4edb1e0d22d610d2817b89e5c6 DependenciesID=6e3db7851d374efd937328f0e3b6f791 StaticDependenciesID=8cbe67054cbfae2b822c888d21e0e93e 
Number of updated asset objects reloaded before import = 0Number of asset objects unloaded after import = 1

========================================================================
Received Import Request.
  Time since last request: 0.000032 seconds.
  path: Packages/com.unity.render-pipelines.universal/Runtime/Materials/PhysicalMaterial3DsMax/PhysicalMaterial3DsMax.shadergraph
  importAddress: Guid(44245ab89240f51459a5077d7145c452) Importer(815301076,1909f56bfc062723c751e8b465ee728b)
Start importing Packages/com.unity.render-pipelines.universal/Runtime/Materials/PhysicalMaterial3DsMax/PhysicalMaterial3DsMax.shadergraph using Guid(44245ab89240f51459a5077d7145c452) Importer(815301076,1909f56bfc062723c751e8b465ee728b) (PreviewImporter) -> (Import Result ID: '69fd866ebb570d83057ff9dfe0294e21') in 1.100251763 seconds [static and dynamic dependencies]. Details - ImportResultOutputID=2816307dee464a6db96f53f5d2fbf604 DependenciesID=fd46a439e80bf93c3362d821a1f44427 StaticDependenciesID=aa203fe20286b93bbb417ea443e0332f 
Number of updated asset objects reloaded before import = 0Number of asset objects unloaded after import = 5

========================================================================
Received Import Request.
  Time since last request: 0.000023 seconds.
  path: Packages/com.unity.shadergraph/GraphTemplates/BuiltIn/BuiltIn Unlit Basic.shadergraph
  importAddress: Guid(9618d41bb71f74048bb6cace8785b93d) Importer(815301076,1909f56bfc062723c751e8b465ee728b)
Start importing Packages/com.unity.shadergraph/GraphTemplates/BuiltIn/BuiltIn Unlit Basic.shadergraph using Guid(9618d41bb71f74048bb6cace8785b93d) Importer(815301076,1909f56bfc062723c751e8b465ee728b) (PreviewImporter) -> (Import Result ID: '44f0732e9b34dc52b5edf1824c4bbd19') in 0.124755024 seconds [static and dynamic dependencies]. Details - ImportResultOutputID=2d0d48a734de2c128c76ec82280ed57e DependenciesID=3df860b46f5ab5913e97c87752f7f00d StaticDependenciesID=f7b458aa03aa77b6f3169f7175c7eb2d 
Number of updated asset objects reloaded before import = 0Number of asset objects unloaded after import = 2

========================================================================
Received Import Request.
  Time since last request: 0.000028 seconds.
  path: Packages/com.unity.render-pipelines.universal/Runtime/Materials/Mesh2D-Lit-Default.mat
  importAddress: Guid(9452ae1262a74094f8a68013fbcd1834) Importer(815301076,1909f56bfc062723c751e8b465ee728b)
Start importing Packages/com.unity.render-pipelines.universal/Runtime/Materials/Mesh2D-Lit-Default.mat using Guid(9452ae1262a74094f8a68013fbcd1834) Importer(815301076,1909f56bfc062723c751e8b465ee728b) (PreviewImporter) -> (Import Result ID: '0f184540990abb3b32239b0dbdcd04c6') in 0.004891944 seconds [static and dynamic dependencies]. Details - ImportResultOutputID=ba7fc51168193705fab4a90bc2d0d9c2 DependenciesID=38a13420ce1b42623f9d60f8b10544e0 StaticDependenciesID=7e1065973ff1799403be70009b5ec903 
Number of updated asset objects reloaded before import = 0Number of asset objects unloaded after import = 0

========================================================================
Received Import Request.
  Time since last request: 0.000016 seconds.
  path: Packages/com.unity.render-pipelines.universal/Editor/SceneTemplates/Materials/Gold.mat
  importAddress: Guid(c2e40fa84d53ccd428f640eac126b1fb) Importer(815301076,1909f56bfc062723c751e8b465ee728b)
Start importing Packages/com.unity.render-pipelines.universal/Editor/SceneTemplates/Materials/Gold.mat using Guid(c2e40fa84d53ccd428f640eac126b1fb) Importer(815301076,1909f56bfc062723c751e8b465ee728b) (PreviewImporter) -> (Import Result ID: '2aed3c0fae10882c50d4ab05a1cf6688') in 0.005086368 seconds [static and dynamic dependencies]. Details - ImportResultOutputID=0076a8d7ed93d6c4e31217aa1f83c91d DependenciesID=e6b9db72da805de100d193a1f7f123eb StaticDependenciesID=857d9a79f0f38d30a7f890e7478a1c4c 
Number of updated asset objects reloaded before import = 0Number of asset objects unloaded after import = 1

========================================================================
Received Import Request.
  Time since last request: 0.000018 seconds.
  path: Packages/com.unity.render-pipelines.universal/Shaders/AutodeskInteractive/AutodeskInteractive.shadergraph
  importAddress: Guid(0e9d5a909a1f7e84882a534d0d11e49f) Importer(815301076,1909f56bfc062723c751e8b465ee728b)
Start importing Packages/com.unity.render-pipelines.universal/Shaders/AutodeskInteractive/AutodeskInteractive.shadergraph using Guid(0e9d5a909a1f7e84882a534d0d11e49f) Importer(815301076,1909f56bfc062723c751e8b465ee728b) (PreviewImporter) -> (Import Result ID: '7290b7945fa8e301e3f406ffe6514df9') in 1.061198046 seconds [static and dynamic dependencies]. Details - ImportResultOutputID=895887c4204aa5684719828c7f035275 DependenciesID=4a2f83be89a01b0010647075908370cf StaticDependenciesID=20e8aeb227e153864b580b8a1ad8a2cc 
Number of updated asset objects reloaded before import = 0Number of asset objects unloaded after import = 0

========================================================================
Received Import Request.
  Time since last request: 0.000024 seconds.
  path: Packages/com.unity.render-pipelines.universal/Runtime/Materials/Decal.mat
  importAddress: Guid(31d0dcc6f2dd4e4408d18036a2c93862) Importer(815301076,1909f56bfc062723c751e8b465ee728b)
Start importing Packages/com.unity.render-pipelines.universal/Runtime/Materials/Decal.mat using Guid(31d0dcc6f2dd4e4408d18036a2c93862) Importer(815301076,1909f56bfc062723c751e8b465ee728b) (PreviewImporter) -> (Import Result ID: 'd3eee1a68e1c47c6b5fe3466d2530fb4') in 0.007019484 seconds [static and dynamic dependencies]. Details - ImportResultOutputID=b72324f4abc24d9a4602b376dbafab29 DependenciesID=5c179e676dabab06af33818e287ff4e1 StaticDependenciesID=f5ea11a0ce32b2e3d76705f9767737c1 
Number of updated asset objects reloaded before import = 0Number of asset objects unloaded after import = 0

========================================================================
Received Import Request.
  Time since last request: 0.000039 seconds.
  path: Packages/com.unity.render-pipelines.core/Runtime/RenderPipelineResources/Mesh/SamplesFixture.fbx
  importAddress: Guid(b28fa67a0ff82c5478f27368dc627683) Importer(815301076,1909f56bfc062723c751e8b465ee728b)
Start importing Packages/com.unity.render-pipelines.core/Runtime/RenderPipelineResources/Mesh/SamplesFixture.fbx using Guid(b28fa67a0ff82c5478f27368dc627683) Importer(815301076,1909f56bfc062723c751e8b465ee728b) (PreviewImporter) -> (Import Result ID: 'fad9907e14b29a03502096cea0dba7c1') in 0.166698221 seconds [static and dynamic dependencies]. Details - ImportResultOutputID=1f25b7c240d1b2817a0aaa433fc2d0e2 DependenciesID=cf91826ae7c6d1043121586944763b9b StaticDependenciesID=91fe52ac22899239e7aa17499fd5463d 
Number of updated asset objects reloaded before import = 0Number of asset objects unloaded after import = 9

========================================================================
Received Import Request.
  Time since last request: 0.000019 seconds.
  path: Packages/com.unity.render-pipelines.universal/Editor/ShaderGraph/GraphTemplates/UITKBasicTemplate.shadergraph
  importAddress: Guid(0738648e2f2f84b489a2f0076b69e30a) Importer(815301076,1909f56bfc062723c751e8b465ee728b)
Start importing Packages/com.unity.render-pipelines.universal/Editor/ShaderGraph/GraphTemplates/UITKBasicTemplate.shadergraph using Guid(0738648e2f2f84b489a2f0076b69e30a) Importer(815301076,1909f56bfc062723c751e8b465ee728b) (PreviewImporter) -> (Import Result ID: '6b39118c0d6a4684e5353e5670783772') in 0.30052662 seconds [static and dynamic dependencies]. Details - ImportResultOutputID=9bd29387a929d0da7661734236973e9e DependenciesID=deea97b386f18a550419c7195d1e944c StaticDependenciesID=973e51c9dada6c74add3b1c37e0d3ba7 
Number of updated asset objects reloaded before import = 0Number of asset objects unloaded after import = 2

========================================================================
Received Import Request.
  Time since last request: 0.000029 seconds.
  path: Packages/com.unity.render-pipelines.universal/Runtime/Materials/PhysicalMaterial3DsMax/PhysicalMaterial3DsMaxTransparent.shadergraph
  importAddress: Guid(1a207e3bee00db44b940e6f362a8e148) Importer(815301076,1909f56bfc062723c751e8b465ee728b)
Start importing Packages/com.unity.render-pipelines.universal/Runtime/Materials/PhysicalMaterial3DsMax/PhysicalMaterial3DsMaxTransparent.shadergraph using Guid(1a207e3bee00db44b940e6f362a8e148) Importer(815301076,1909f56bfc062723c751e8b465ee728b) (PreviewImporter) -> (Import Result ID: '2596d4ee18d6f73a89e53908ea58a6fc') in 0.841541291 seconds [static and dynamic dependencies]. Details - ImportResultOutputID=763fd9abbf6b207806936a54488c3b2e DependenciesID=77ecf0c49d361965bf16078fb254cc04 StaticDependenciesID=d4ffeb1b60dbe06c373058435884fa7e 
Number of updated asset objects reloaded before import = 0Number of asset objects unloaded after import = 5

========================================================================
Received Import Request.
  Time since last request: 43.896009 seconds.
  path: Assets/Scripts/PlayerController.cs
  importAddress: Guid(9bf322326ab39ad13929e68eb3bbc1b8) Importer(815301076,1909f56bfc062723c751e8b465ee728b)
Start importing Assets/Scripts/PlayerController.cs using Guid(9bf322326ab39ad13929e68eb3bbc1b8) Importer(815301076,1909f56bfc062723c751e8b465ee728b) (PreviewImporter) -> (Import Result ID: '896878a95a06ba6fa60b7b7b67cc3abe') in 0.00054945 seconds [static and dynamic dependencies]. Details - ImportResultOutputID=d4edb35a9e1ccdf9a5ab136b874030c0 DependenciesID=fb2c609080ef0c8075dada953c59ef85 StaticDependenciesID=c2ed5bd89bfeafba5a3b6d9b2785efb1 
Number of updated asset objects reloaded before import = 0Number of asset objects unloaded after import = 0

========================================================================
Received Import Request.
  Time since last request: 550.080067 seconds.
  path: Assets/Scenes/SampleScene.unity
  importAddress: Guid(99c9720ab356a0642a771bea13969a05) Importer(815301076,1909f56bfc062723c751e8b465ee728b)
Start importing Assets/Scenes/SampleScene.unity using Guid(99c9720ab356a0642a771bea13969a05) Importer(815301076,1909f56bfc062723c751e8b465ee728b) (PreviewImporter) -> (Import Result ID: '62242c456d15a63ad38fd4bc3a0f44cc') in 0.000743744 seconds [static and dynamic dependencies]. Details - ImportResultOutputID=f3af80aa444126da7ef9e80fc4827f87 DependenciesID=b9af1fdac6c88a40d44780236efb0037 StaticDependenciesID=b5ecb05343356f09e23c239d65b49758 
Number of updated asset objects reloaded before import = 0Number of asset objects unloaded after import = 0

========================================================================
Received Import Request.
  Time since last request: 1088.161618 seconds.
  path: Assets/Scenes
  importAddress: Guid(b52bf9554a39c8c7188717ce545886e6) Importer(815301076,1909f56bfc062723c751e8b465ee728b)
Start importing Assets/Scenes using Guid(b52bf9554a39c8c7188717ce545886e6) Importer(815301076,1909f56bfc062723c751e8b465ee728b) (PreviewImporter) -> (Import Result ID: 'e025acd5d3b6f8971a3798e951e27d64') in 0.000675507 seconds [static and dynamic dependencies]. Details - ImportResultOutputID=66bc83883a8156f1b37c2165f71e2ec5 DependenciesID=8b2b5c53c30a3abe9dcb2c645fc7bb6f StaticDependenciesID=6b4cdc21555873ccd4490d32015139c6 
Number of updated asset objects reloaded before import = 0Number of asset objects unloaded after import = 0

========================================================================
Received Import Request.
  Time since last request: 43.436321 seconds.
  path: Assets/Scenes/Scene.unity
  importAddress: Guid(0683aed374d626acdb0798585f7edfd6) Importer(815301076,1909f56bfc062723c751e8b465ee728b)
Start importing Assets/Scenes/Scene.unity using Guid(0683aed374d626acdb0798585f7edfd6) Importer(815301076,1909f56bfc062723c751e8b465ee728b) (PreviewImporter) -> (Import Result ID: '086038b15401b73f47eb34fb3ed0fc5b') in 0.000347541 seconds [static and dynamic dependencies]. Details - ImportResultOutputID=2eb8369a889904a82f32de7fc4886fb4 DependenciesID=cd9ed5f699f239fb3d5b7f76c451d4ed StaticDependenciesID=354439d2e01bd1cac088c1b8dc98ab47 
Number of updated asset objects reloaded before import = 0Number of asset objects unloaded after import = 0

========================================================================
Received Import Request.
  Time since last request: 3.719330 seconds.
  path: Assets/Scenes/SampleScene.unity
  importAddress: Guid(0683aed374d626acdb0798585f7edfd6) Importer(815301076,1909f56bfc062723c751e8b465ee728b)
Start importing Assets/Scenes/SampleScene.unity using Guid(0683aed374d626acdb0798585f7edfd6) Importer(815301076,1909f56bfc062723c751e8b465ee728b) (PreviewImporter) -> (Import Result ID: 'cfddd737698af7c38f6c7d8d8f264e88') in 0.00042113 seconds [static and dynamic dependencies]. Details - ImportResultOutputID=2eb8369a889904a82f32de7fc4886fb4 DependenciesID=9c5b056f535d779205f2db11987f9bdc StaticDependenciesID=63ba604bbf2115a1e7408705974c6569 
Number of updated asset objects reloaded before import = 0Number of asset objects unloaded after import = 0

========================================================================
Received Import Request.
  Time since last request: 134.846450 seconds.
  path: Assets/Scripts/UIManager.cs
  importAddress: Guid(f8b7cca21993b284189a861af0410fb7) Importer(2089858483,b0f066a214c2f5e87bad3c948f4d605d)
Start importing Assets/Scripts/UIManager.cs using Guid(f8b7cca21993b284189a861af0410fb7) Importer(2089858483,b0f066a214c2f5e87bad3c948f4d605d) (ScriptedImporter) -> (Import Result ID: '49f836d347777a33e0121449b4915989') in 0.038620406 seconds [static and dynamic dependencies]. Details - ImportResultOutputID=bf8d5f2cb6e8e7f1694b2e7835cc9443 DependenciesID=db5c5629bf6241de0ef171fe3bd7ccd6 StaticDependenciesID=0cb4a4d7b99f8d83e900df294a603cbf 
Number of updated asset objects reloaded before import = 0Number of asset objects unloaded after import = 0

========================================================================
Received Import Request.
  Time since last request: 0.000020 seconds.
  path: Assets/Scenes/SampleScene.unity
  importAddress: Guid(0683aed374d626acdb0798585f7edfd6) Importer(2089858483,b0f066a214c2f5e87bad3c948f4d605d)
Start importing Assets/Scenes/SampleScene.unity using Guid(0683aed374d626acdb0798585f7edfd6) Importer(2089858483,b0f066a214c2f5e87bad3c948f4d605d) (ScriptedImporter) -> (Import Result ID: '676b26f7314a48335f30ea1f84bbc012') in 0.002726623 seconds [static and dynamic dependencies]. Details - ImportResultOutputID=1c8b239aa9a9e6fdf4b2534f381e2d4c DependenciesID=82607765e22ce1a813c6b0f0f266023d StaticDependenciesID=e59c3dff71d5e5351bc14e7e9f69bbde 
Number of updated asset objects reloaded before import = 0Number of asset objects unloaded after import = 1

========================================================================
Received Import Request.
  Time since last request: 0.990036 seconds.
  path: Assets/New Material.mat
  importAddress: Guid(6db8f879ab3100e23a0db6f076f3ee6d) Importer(815301076,1909f56bfc062723c751e8b465ee728b)
Start importing Assets/New Material.mat using Guid(6db8f879ab3100e23a0db6f076f3ee6d) Importer(815301076,1909f56bfc062723c751e8b465ee728b) (PreviewImporter) -> (Import Result ID: '0ea59f1a8c488317b115cd1f37d1a3b0') in 0.005047084 seconds [static and dynamic dependencies]. Details - ImportResultOutputID=dc6a275ab486741445d5899e95a3c578 DependenciesID=7d7a22ad5d049d729ed44acd5353945a StaticDependenciesID=7b8ee16f4bbd350fcd9ec71ee9dfe01a 
Number of updated asset objects reloaded before import = 0Number of asset objects unloaded after import = 1

========================================================================
Received Import Request.
  Time since last request: 1.036964 seconds.
  path: Assets/New Material.mat
  importAddress: Guid(6db8f879ab3100e23a0db6f076f3ee6d) Importer(2089858483,b0f066a214c2f5e87bad3c948f4d605d)
Start importing Assets/New Material.mat using Guid(6db8f879ab3100e23a0db6f076f3ee6d) Importer(2089858483,b0f066a214c2f5e87bad3c948f4d605d) (ScriptedImporter) -> (Import Result ID: '6b83ea6262efa771b8766112b8716f74') in 0.008038605 seconds [static and dynamic dependencies]. Details - ImportResultOutputID=298c989d444da4197fe43380af597bb4 DependenciesID=1f65e10dcf776306863ab48ec51ba1ba StaticDependenciesID=714852ac3bca4fc406194e4e40e9b80f 
Number of updated asset objects reloaded before import = 0Number of asset objects unloaded after import = 1

========================================================================
Received Import Request.
  Time since last request: 4.311914 seconds.
  path: Assets/TileMat.mat
  importAddress: Guid(6db8f879ab3100e23a0db6f076f3ee6d) Importer(815301076,1909f56bfc062723c751e8b465ee728b)
Start importing Assets/TileMat.mat using Guid(6db8f879ab3100e23a0db6f076f3ee6d) Importer(815301076,1909f56bfc062723c751e8b465ee728b) (PreviewImporter) -> (Import Result ID: 'cb951bce3696fc08e9b4d4d22508ef08') in 0.00477229 seconds [static and dynamic dependencies]. Details - ImportResultOutputID=dc6a275ab486741445d5899e95a3c578 DependenciesID=d147f790ff730b577a517c2b6857cf88 StaticDependenciesID=978256c26c1119f50f21eb569232a833 
Number of updated asset objects reloaded before import = 0Number of asset objects unloaded after import = 1

========================================================================
Received Import Request.
  Time since last request: 1.028954 seconds.
  path: Assets/TileMat.mat
  importAddress: Guid(6db8f879ab3100e23a0db6f076f3ee6d) Importer(2089858483,b0f066a214c2f5e87bad3c948f4d605d)
Start importing Assets/TileMat.mat using Guid(6db8f879ab3100e23a0db6f076f3ee6d) Importer(2089858483,b0f066a214c2f5e87bad3c948f4d605d) (ScriptedImporter) -> (Import Result ID: 'b0252701bafd0d557a5efcf333638bbc') in 0.003767435 seconds [static and dynamic dependencies]. Details - ImportResultOutputID=42a9e34b4350e8ab0d219b0243818745 DependenciesID=b618cafde69ffbb0bc0848365f56d73c StaticDependenciesID=4210ff776f24021b4c447bf030439726 
Number of updated asset objects reloaded before import = 0Number of asset objects unloaded after import = 1

========================================================================
Received Prepare
Begin MonoManager ReloadAssembly
[Licensing::Client] Successfully resolved entitlement details
Assembly Assembly-CSharp-Editor-firstpass.dll at Library/ScriptAssemblies/Assembly-CSharp-Editor-firstpass.dll not valid. Loading of assembly skipped.
Assembly Assembly-CSharp-firstpass.dll at Library/ScriptAssemblies/Assembly-CSharp-firstpass.dll not valid. Loading of assembly skipped.
Assembly DocCodeExamples.dll at Library/ScriptAssemblies/DocCodeExamples.dll not valid. Loading of assembly skipped.
Assembly TestNewCustomAssembly.dll at Library/ScriptAssemblies/TestNewCustomAssembly.dll not valid. Loading of assembly skipped.
Assembly Unity.Collections.BurstCompatibilityGen.dll at Library/ScriptAssemblies/Unity.Collections.BurstCompatibilityGen.dll not valid. Loading of assembly skipped.
Assembly Unity.Collections.DocCodeSamples.dll at Library/ScriptAssemblies/Unity.Collections.DocCodeSamples.dll not valid. Loading of assembly skipped.
Assembly Unity.Collections.PerformanceTests.dll at Library/ScriptAssemblies/Unity.Collections.PerformanceTests.dll not valid. Loading of assembly skipped.
Assembly Unity.Collections.Tests.dll at Library/ScriptAssemblies/Unity.Collections.Tests.dll not valid. Loading of assembly skipped.
Assembly Unity.Collections.Tests.Playmode.dll at Library/ScriptAssemblies/Unity.Collections.Tests.Playmode.dll not valid. Loading of assembly skipped.
Assembly Unity.InputSystem.IntegrationTests.dll at Library/ScriptAssemblies/Unity.InputSystem.IntegrationTests.dll not valid. Loading of assembly skipped.
Assembly Unity.Mathematics.Tests.dll at Library/ScriptAssemblies/Unity.Mathematics.Tests.dll not valid. Loading of assembly skipped.
Assembly Unity.Multiplayer.Center.Editor.Tests.dll at Library/ScriptAssemblies/Unity.Multiplayer.Center.Editor.Tests.dll not valid. Loading of assembly skipped.
Assembly Unity.Multiplayer.Center.Tests.dll at Library/ScriptAssemblies/Unity.Multiplayer.Center.Tests.dll not valid. Loading of assembly skipped.
Assembly Unity.Nuget.Mono-Cecil.dll at Library/ScriptAssemblies/Unity.Nuget.Mono-Cecil.dll not valid. Loading of assembly skipped.
Assembly Unity.PathTracing.Editor.Tests.dll at Library/ScriptAssemblies/Unity.PathTracing.Editor.Tests.dll not valid. Loading of assembly skipped.
Assembly Unity.PathTracing.Runtime.Tests.dll at Library/ScriptAssemblies/Unity.PathTracing.Runtime.Tests.dll not valid. Loading of assembly skipped.
Assembly Unity.RenderPipelines.Core.Editor.Tests.dll at Library/ScriptAssemblies/Unity.RenderPipelines.Core.Editor.Tests.dll not valid. Loading of assembly skipped.
Assembly Unity.RenderPipelines.Core.Runtime.Tests.dll at Library/ScriptAssemblies/Unity.RenderPipelines.Core.Runtime.Tests.dll not valid. Loading of assembly skipped.
Assembly Unity.RenderPipelines.Universal.Config.Editor.Tests.dll at Library/ScriptAssemblies/Unity.RenderPipelines.Universal.Config.Editor.Tests.dll not valid. Loading of assembly skipped.
Assembly Unity.RenderPipelines.Universal.Editor.Tests.dll at Library/ScriptAssemblies/Unity.RenderPipelines.Universal.Editor.Tests.dll not valid. Loading of assembly skipped.
Assembly Unity.RenderPipelines.Universal.Runtime.Tests.dll at Library/ScriptAssemblies/Unity.RenderPipelines.Universal.Runtime.Tests.dll not valid. Loading of assembly skipped.
Assembly Unity.Searcher.EditorTests.dll at Library/ScriptAssemblies/Unity.Searcher.EditorTests.dll not valid. Loading of assembly skipped.
Assembly Unity.ShaderGraph.Editor.Tests.dll at Library/ScriptAssemblies/Unity.ShaderGraph.Editor.Tests.dll not valid. Loading of assembly skipped.
Assembly Unity.Sysroot.EditorTests.dll at Library/ScriptAssemblies/Unity.Sysroot.EditorTests.dll not valid. Loading of assembly skipped.
Assembly Unity.Sysroot.Linux_x86_64.EditorTests.dll at Library/ScriptAssemblies/Unity.Sysroot.Linux_x86_64.EditorTests.dll not valid. Loading of assembly skipped.
Assembly Unity.TextMeshPro.Editor.Tests.dll at Library/ScriptAssemblies/Unity.TextMeshPro.Editor.Tests.dll not valid. Loading of assembly skipped.
Assembly Unity.TextMeshPro.Tests.dll at Library/ScriptAssemblies/Unity.TextMeshPro.Tests.dll not valid. Loading of assembly skipped.
Assembly Unity.Toolchain.Linux-x86_64-Linux.EditorTests.dll at Library/ScriptAssemblies/Unity.Toolchain.Linux-x86_64-Linux.EditorTests.dll not valid. Loading of assembly skipped.
Assembly Unity.UnifiedRayTracing.Editor.Tests.dll at Library/ScriptAssemblies/Unity.UnifiedRayTracing.Editor.Tests.dll not valid. Loading of assembly skipped.
Assembly UnityEditor.UI.Common.Tests.dll at Library/ScriptAssemblies/UnityEditor.UI.Common.Tests.dll not valid. Loading of assembly skipped.
Assembly UnityEditor.UI.EditorTests.dll at Library/ScriptAssemblies/UnityEditor.UI.EditorTests.dll not valid. Loading of assembly skipped.
Assembly UnityEngine.UI.Tests.dll at Library/ScriptAssemblies/UnityEngine.UI.Tests.dll not valid. Loading of assembly skipped.
Assertion failed on expression: 'pred(*previous, *i)'
Assertion failed on expression: 'pred(*previous, *i)'
Assertion failed on expression: 'pred(*previous, *i)'
Assertion failed on expression: 'pred(*previous, *i)'
Assertion failed on expression: 'pred(*previous, *i)'
Native extension for LinuxStandalone target not found
Native extension for WindowsStandalone target not found
[Package Manager] Failed to launch server process. Reason: Unity was launched with the -noUpm command-line argument
[Package Manager] Unable to send message (not connected to server process).
[Package Manager] Cannot connect to Unity Package Manager local server
[Package Manager] Failed to launch server process. Reason: Unity was launched with the -noUpm command-line argument
[Package Manager] Unable to send message (not connected to server process).
[Package Manager] Cannot connect to Unity Package Manager local server
ScheduleIndexationOnStartup MainProcess:False IndexOnStartup:True
Mono: successfully reloaded assembly
- Finished resetting the current domain, in  0.520 seconds
Domain Reload Profiling: 1028ms
	BeginReloadAssembly (128ms)
		DisableScriptedObjects (13ms)
		CreateAndSetChildDomain (43ms)
	RebuildCommonClasses (29ms)
	RebuildNativeTypeToScriptingClass (8ms)
	initialDomainReloadingComplete (33ms)
	LoadAllAssembliesAndSetupDomain (309ms)
		LoadAssemblies (206ms)
		AnalyzeDomain (132ms)
			TypeCache.Refresh (4ms)
			BuildScriptInfoCaches (120ms)
			ResolveRequiredComponents (7ms)
	FinalizeReload (521ms)
		SetupLoadedEditorAssemblies (0ms)
			InitializePlatformSupportModulesInManaged (15ms)
			BeforeProcessingInitializeOnLoad (112ms)
			ProcessInitializeOnLoadAttributes (187ms)
			ProcessInitializeOnLoadMethodAttributes (56ms)
			AfterProcessingInitializeOnLoad (4ms)
		AwakeInstancesAfterBackupRestoration (10ms)
Shader Hidden/ChartRasterizerHardware is not supported: GPU does not support conservative rasterization
Unloading 25 Unused Serialized files (Serialized files now loaded: 0)
Unloading 6552 unused Assets / (5.8 MB). Loaded Objects now: 7477.
Memory consumption went from 183.0 MB to 177.3 MB.
Total: 7.982630 ms (FindLiveObjects: 0.574518 ms CreateObjectMapping: 0.504626 ms MarkObjects: 4.902634 ms  DeleteObjects: 1.999951 ms)

Prepare: number of updated asset objects reloaded= 0
========================================================================
Received Prepare
Begin MonoManager ReloadAssembly
[Licensing::Client] Successfully resolved entitlement details
Assembly Assembly-CSharp-Editor-firstpass.dll at Library/ScriptAssemblies/Assembly-CSharp-Editor-firstpass.dll not valid. Loading of assembly skipped.
Assembly Assembly-CSharp-firstpass.dll at Library/ScriptAssemblies/Assembly-CSharp-firstpass.dll not valid. Loading of assembly skipped.
Assembly DocCodeExamples.dll at Library/ScriptAssemblies/DocCodeExamples.dll not valid. Loading of assembly skipped.
Assembly TestNewCustomAssembly.dll at Library/ScriptAssemblies/TestNewCustomAssembly.dll not valid. Loading of assembly skipped.
Assembly Unity.Collections.BurstCompatibilityGen.dll at Library/ScriptAssemblies/Unity.Collections.BurstCompatibilityGen.dll not valid. Loading of assembly skipped.
Assembly Unity.Collections.DocCodeSamples.dll at Library/ScriptAssemblies/Unity.Collections.DocCodeSamples.dll not valid. Loading of assembly skipped.
Assembly Unity.Collections.PerformanceTests.dll at Library/ScriptAssemblies/Unity.Collections.PerformanceTests.dll not valid. Loading of assembly skipped.
Assembly Unity.Collections.Tests.dll at Library/ScriptAssemblies/Unity.Collections.Tests.dll not valid. Loading of assembly skipped.
Assembly Unity.Collections.Tests.Playmode.dll at Library/ScriptAssemblies/Unity.Collections.Tests.Playmode.dll not valid. Loading of assembly skipped.
Assembly Unity.InputSystem.IntegrationTests.dll at Library/ScriptAssemblies/Unity.InputSystem.IntegrationTests.dll not valid. Loading of assembly skipped.
Assembly Unity.Mathematics.Tests.dll at Library/ScriptAssemblies/Unity.Mathematics.Tests.dll not valid. Loading of assembly skipped.
Assembly Unity.Multiplayer.Center.Editor.Tests.dll at Library/ScriptAssemblies/Unity.Multiplayer.Center.Editor.Tests.dll not valid. Loading of assembly skipped.
Assembly Unity.Multiplayer.Center.Tests.dll at Library/ScriptAssemblies/Unity.Multiplayer.Center.Tests.dll not valid. Loading of assembly skipped.
Assembly Unity.Nuget.Mono-Cecil.dll at Library/ScriptAssemblies/Unity.Nuget.Mono-Cecil.dll not valid. Loading of assembly skipped.
Assembly Unity.PathTracing.Editor.Tests.dll at Library/ScriptAssemblies/Unity.PathTracing.Editor.Tests.dll not valid. Loading of assembly skipped.
Assembly Unity.PathTracing.Runtime.Tests.dll at Library/ScriptAssemblies/Unity.PathTracing.Runtime.Tests.dll not valid. Loading of assembly skipped.
Assembly Unity.RenderPipelines.Core.Editor.Tests.dll at Library/ScriptAssemblies/Unity.RenderPipelines.Core.Editor.Tests.dll not valid. Loading of assembly skipped.
Assembly Unity.RenderPipelines.Core.Runtime.Tests.dll at Library/ScriptAssemblies/Unity.RenderPipelines.Core.Runtime.Tests.dll not valid. Loading of assembly skipped.
Assembly Unity.RenderPipelines.Universal.Config.Editor.Tests.dll at Library/ScriptAssemblies/Unity.RenderPipelines.Universal.Config.Editor.Tests.dll not valid. Loading of assembly skipped.
Assembly Unity.RenderPipelines.Universal.Editor.Tests.dll at Library/ScriptAssemblies/Unity.RenderPipelines.Universal.Editor.Tests.dll not valid. Loading of assembly skipped.
Assembly Unity.RenderPipelines.Universal.Runtime.Tests.dll at Library/ScriptAssemblies/Unity.RenderPipelines.Universal.Runtime.Tests.dll not valid. Loading of assembly skipped.
Assembly Unity.Searcher.EditorTests.dll at Library/ScriptAssemblies/Unity.Searcher.EditorTests.dll not valid. Loading of assembly skipped.
Assembly Unity.ShaderGraph.Editor.Tests.dll at Library/ScriptAssemblies/Unity.ShaderGraph.Editor.Tests.dll not valid. Loading of assembly skipped.
Assembly Unity.Sysroot.EditorTests.dll at Library/ScriptAssemblies/Unity.Sysroot.EditorTests.dll not valid. Loading of assembly skipped.
Assembly Unity.Sysroot.Linux_x86_64.EditorTests.dll at Library/ScriptAssemblies/Unity.Sysroot.Linux_x86_64.EditorTests.dll not valid. Loading of assembly skipped.
Assembly Unity.TextMeshPro.Editor.Tests.dll at Library/ScriptAssemblies/Unity.TextMeshPro.Editor.Tests.dll not valid. Loading of assembly skipped.
Assembly Unity.TextMeshPro.Tests.dll at Library/ScriptAssemblies/Unity.TextMeshPro.Tests.dll not valid. Loading of assembly skipped.
Assembly Unity.Toolchain.Linux-x86_64-Linux.EditorTests.dll at Library/ScriptAssemblies/Unity.Toolchain.Linux-x86_64-Linux.EditorTests.dll not valid. Loading of assembly skipped.
Assembly Unity.UnifiedRayTracing.Editor.Tests.dll at Library/ScriptAssemblies/Unity.UnifiedRayTracing.Editor.Tests.dll not valid. Loading of assembly skipped.
Assembly UnityEditor.UI.Common.Tests.dll at Library/ScriptAssemblies/UnityEditor.UI.Common.Tests.dll not valid. Loading of assembly skipped.
Assembly UnityEditor.UI.EditorTests.dll at Library/ScriptAssemblies/UnityEditor.UI.EditorTests.dll not valid. Loading of assembly skipped.
Assembly UnityEngine.UI.Tests.dll at Library/ScriptAssemblies/UnityEngine.UI.Tests.dll not valid. Loading of assembly skipped.
Assertion failed on expression: 'pred(*previous, *i)'
Assertion failed on expression: 'pred(*previous, *i)'
Assertion failed on expression: 'pred(*previous, *i)'
Assertion failed on expression: 'pred(*previous, *i)'
Assertion failed on expression: 'pred(*previous, *i)'
Native extension for LinuxStandalone target not found
Native extension for WindowsStandalone target not found
[Package Manager] Failed to launch server process. Reason: Unity was launched with the -noUpm command-line argument
[Package Manager] Unable to send message (not connected to server process).
[Package Manager] Cannot connect to Unity Package Manager local server
[Package Manager] Failed to launch server process. Reason: Unity was launched with the -noUpm command-line argument
[Package Manager] Unable to send message (not connected to server process).
[Package Manager] Cannot connect to Unity Package Manager local server
ScheduleIndexationOnStartup MainProcess:False IndexOnStartup:True
Mono: successfully reloaded assembly
- Finished resetting the current domain, in  0.487 seconds
Domain Reload Profiling: 955ms
	BeginReloadAssembly (108ms)
		DisableScriptedObjects (3ms)
		CreateAndSetChildDomain (33ms)
	RebuildCommonClasses (28ms)
	RebuildNativeTypeToScriptingClass (6ms)
	initialDomainReloadingComplete (32ms)
	LoadAllAssembliesAndSetupDomain (294ms)
		LoadAssemblies (190ms)
		AnalyzeDomain (132ms)
			TypeCache.Refresh (4ms)
			BuildScriptInfoCaches (119ms)
			ResolveRequiredComponents (7ms)
	FinalizeReload (487ms)
		SetupLoadedEditorAssemblies (0ms)
			InitializePlatformSupportModulesInManaged (14ms)
			BeforeProcessingInitializeOnLoad (108ms)
			ProcessInitializeOnLoadAttributes (174ms)
			ProcessInitializeOnLoadMethodAttributes (47ms)
			AfterProcessingInitializeOnLoad (4ms)
		AwakeInstancesAfterBackupRestoration (8ms)
Shader Hidden/ChartRasterizerHardware is not supported: GPU does not support conservative rasterization
Unloading 25 Unused Serialized files (Serialized files now loaded: 0)
Unloading 6547 unused Assets / (5.7 MB). Loaded Objects now: 7489.
Memory consumption went from 185.1 MB to 179.5 MB.
Total: 7.533077 ms (FindLiveObjects: 0.543349 ms CreateObjectMapping: 0.256652 ms MarkObjects: 4.863641 ms  DeleteObjects: 1.868484 ms)

Prepare: number of updated asset objects reloaded= 0
========================================================================
Received Prepare
Begin MonoManager ReloadAssembly
[Licensing::Client] Successfully resolved entitlement details
Assembly Assembly-CSharp-Editor-firstpass.dll at Library/ScriptAssemblies/Assembly-CSharp-Editor-firstpass.dll not valid. Loading of assembly skipped.
Assembly Assembly-CSharp-firstpass.dll at Library/ScriptAssemblies/Assembly-CSharp-firstpass.dll not valid. Loading of assembly skipped.
Assembly DocCodeExamples.dll at Library/ScriptAssemblies/DocCodeExamples.dll not valid. Loading of assembly skipped.
Assembly TestNewCustomAssembly.dll at Library/ScriptAssemblies/TestNewCustomAssembly.dll not valid. Loading of assembly skipped.
Assembly Unity.Collections.BurstCompatibilityGen.dll at Library/ScriptAssemblies/Unity.Collections.BurstCompatibilityGen.dll not valid. Loading of assembly skipped.
Assembly Unity.Collections.DocCodeSamples.dll at Library/ScriptAssemblies/Unity.Collections.DocCodeSamples.dll not valid. Loading of assembly skipped.
Assembly Unity.Collections.PerformanceTests.dll at Library/ScriptAssemblies/Unity.Collections.PerformanceTests.dll not valid. Loading of assembly skipped.
Assembly Unity.Collections.Tests.dll at Library/ScriptAssemblies/Unity.Collections.Tests.dll not valid. Loading of assembly skipped.
Assembly Unity.Collections.Tests.Playmode.dll at Library/ScriptAssemblies/Unity.Collections.Tests.Playmode.dll not valid. Loading of assembly skipped.
Assembly Unity.InputSystem.IntegrationTests.dll at Library/ScriptAssemblies/Unity.InputSystem.IntegrationTests.dll not valid. Loading of assembly skipped.
Assembly Unity.Mathematics.Tests.dll at Library/ScriptAssemblies/Unity.Mathematics.Tests.dll not valid. Loading of assembly skipped.
Assembly Unity.Multiplayer.Center.Editor.Tests.dll at Library/ScriptAssemblies/Unity.Multiplayer.Center.Editor.Tests.dll not valid. Loading of assembly skipped.
Assembly Unity.Multiplayer.Center.Tests.dll at Library/ScriptAssemblies/Unity.Multiplayer.Center.Tests.dll not valid. Loading of assembly skipped.
Assembly Unity.Nuget.Mono-Cecil.dll at Library/ScriptAssemblies/Unity.Nuget.Mono-Cecil.dll not valid. Loading of assembly skipped.
Assembly Unity.PathTracing.Editor.Tests.dll at Library/ScriptAssemblies/Unity.PathTracing.Editor.Tests.dll not valid. Loading of assembly skipped.
Assembly Unity.PathTracing.Runtime.Tests.dll at Library/ScriptAssemblies/Unity.PathTracing.Runtime.Tests.dll not valid. Loading of assembly skipped.
Assembly Unity.RenderPipelines.Core.Editor.Tests.dll at Library/ScriptAssemblies/Unity.RenderPipelines.Core.Editor.Tests.dll not valid. Loading of assembly skipped.
Assembly Unity.RenderPipelines.Core.Runtime.Tests.dll at Library/ScriptAssemblies/Unity.RenderPipelines.Core.Runtime.Tests.dll not valid. Loading of assembly skipped.
Assembly Unity.RenderPipelines.Universal.Config.Editor.Tests.dll at Library/ScriptAssemblies/Unity.RenderPipelines.Universal.Config.Editor.Tests.dll not valid. Loading of assembly skipped.
Assembly Unity.RenderPipelines.Universal.Editor.Tests.dll at Library/ScriptAssemblies/Unity.RenderPipelines.Universal.Editor.Tests.dll not valid. Loading of assembly skipped.
Assembly Unity.RenderPipelines.Universal.Runtime.Tests.dll at Library/ScriptAssemblies/Unity.RenderPipelines.Universal.Runtime.Tests.dll not valid. Loading of assembly skipped.
Assembly Unity.Searcher.EditorTests.dll at Library/ScriptAssemblies/Unity.Searcher.EditorTests.dll not valid. Loading of assembly skipped.
Assembly Unity.ShaderGraph.Editor.Tests.dll at Library/ScriptAssemblies/Unity.ShaderGraph.Editor.Tests.dll not valid. Loading of assembly skipped.
Assembly Unity.Sysroot.EditorTests.dll at Library/ScriptAssemblies/Unity.Sysroot.EditorTests.dll not valid. Loading of assembly skipped.
Assembly Unity.Sysroot.Linux_x86_64.EditorTests.dll at Library/ScriptAssemblies/Unity.Sysroot.Linux_x86_64.EditorTests.dll not valid. Loading of assembly skipped.
Assembly Unity.TextMeshPro.Editor.Tests.dll at Library/ScriptAssemblies/Unity.TextMeshPro.Editor.Tests.dll not valid. Loading of assembly skipped.
Assembly Unity.TextMeshPro.Tests.dll at Library/ScriptAssemblies/Unity.TextMeshPro.Tests.dll not valid. Loading of assembly skipped.
Assembly Unity.Toolchain.Linux-x86_64-Linux.EditorTests.dll at Library/ScriptAssemblies/Unity.Toolchain.Linux-x86_64-Linux.EditorTests.dll not valid. Loading of assembly skipped.
Assembly Unity.UnifiedRayTracing.Editor.Tests.dll at Library/ScriptAssemblies/Unity.UnifiedRayTracing.Editor.Tests.dll not valid. Loading of assembly skipped.
Assembly UnityEditor.UI.Common.Tests.dll at Library/ScriptAssemblies/UnityEditor.UI.Common.Tests.dll not valid. Loading of assembly skipped.
Assembly UnityEditor.UI.EditorTests.dll at Library/ScriptAssemblies/UnityEditor.UI.EditorTests.dll not valid. Loading of assembly skipped.
Assembly UnityEngine.UI.Tests.dll at Library/ScriptAssemblies/UnityEngine.UI.Tests.dll not valid. Loading of assembly skipped.
Assertion failed on expression: 'pred(*previous, *i)'
Assertion failed on expression: 'pred(*previous, *i)'
Assertion failed on expression: 'pred(*previous, *i)'
Assertion failed on expression: 'pred(*previous, *i)'
Assertion failed on expression: 'pred(*previous, *i)'
Native extension for LinuxStandalone target not found
Native extension for WindowsStandalone target not found
[Package Manager] Failed to launch server process. Reason: Unity was launched with the -noUpm command-line argument
[Package Manager] Unable to send message (not connected to server process).
[Package Manager] Cannot connect to Unity Package Manager local server
[Package Manager] Failed to launch server process. Reason: Unity was launched with the -noUpm command-line argument
[Package Manager] Unable to send message (not connected to server process).
[Package Manager] Cannot connect to Unity Package Manager local server
ScheduleIndexationOnStartup MainProcess:False IndexOnStartup:True
Mono: successfully reloaded assembly
- Finished resetting the current domain, in  0.489 seconds
Domain Reload Profiling: 959ms
	BeginReloadAssembly (110ms)
		DisableScriptedObjects (3ms)
		CreateAndSetChildDomain (36ms)
	RebuildCommonClasses (29ms)
	RebuildNativeTypeToScriptingClass (7ms)
	initialDomainReloadingComplete (32ms)
	LoadAllAssembliesAndSetupDomain (294ms)
		LoadAssemblies (186ms)
		AnalyzeDomain (136ms)
			TypeCache.Refresh (5ms)
			BuildScriptInfoCaches (123ms)
			ResolveRequiredComponents (7ms)
	FinalizeReload (489ms)
		SetupLoadedEditorAssemblies (0ms)
			InitializePlatformSupportModulesInManaged (14ms)
			BeforeProcessingInitializeOnLoad (106ms)
			ProcessInitializeOnLoadAttributes (179ms)
			ProcessInitializeOnLoadMethodAttributes (53ms)
			AfterProcessingInitializeOnLoad (4ms)
		AwakeInstancesAfterBackupRestoration (8ms)
Shader Hidden/ChartRasterizerHardware is not supported: GPU does not support conservative rasterization
Unloading 25 Unused Serialized files (Serialized files now loaded: 0)
Unloading 6547 unused Assets / (5.5 MB). Loaded Objects now: 7492.
Memory consumption went from 185.2 MB to 179.7 MB.
Total: 7.097370 ms (FindLiveObjects: 0.603431 ms CreateObjectMapping: 0.269836 ms MarkObjects: 4.339007 ms  DeleteObjects: 1.884234 ms)

Prepare: number of updated asset objects reloaded= 0
========================================================================
Received Prepare
Begin MonoManager ReloadAssembly
[Licensing::Client] Successfully resolved entitlement details
Assembly Assembly-CSharp-Editor-firstpass.dll at Library/ScriptAssemblies/Assembly-CSharp-Editor-firstpass.dll not valid. Loading of assembly skipped.
Assembly Assembly-CSharp-firstpass.dll at Library/ScriptAssemblies/Assembly-CSharp-firstpass.dll not valid. Loading of assembly skipped.
Assembly DocCodeExamples.dll at Library/ScriptAssemblies/DocCodeExamples.dll not valid. Loading of assembly skipped.
Assembly TestNewCustomAssembly.dll at Library/ScriptAssemblies/TestNewCustomAssembly.dll not valid. Loading of assembly skipped.
Assembly Unity.Collections.BurstCompatibilityGen.dll at Library/ScriptAssemblies/Unity.Collections.BurstCompatibilityGen.dll not valid. Loading of assembly skipped.
Assembly Unity.Collections.DocCodeSamples.dll at Library/ScriptAssemblies/Unity.Collections.DocCodeSamples.dll not valid. Loading of assembly skipped.
Assembly Unity.Collections.PerformanceTests.dll at Library/ScriptAssemblies/Unity.Collections.PerformanceTests.dll not valid. Loading of assembly skipped.
Assembly Unity.Collections.Tests.dll at Library/ScriptAssemblies/Unity.Collections.Tests.dll not valid. Loading of assembly skipped.
Assembly Unity.Collections.Tests.Playmode.dll at Library/ScriptAssemblies/Unity.Collections.Tests.Playmode.dll not valid. Loading of assembly skipped.
Assembly Unity.InputSystem.IntegrationTests.dll at Library/ScriptAssemblies/Unity.InputSystem.IntegrationTests.dll not valid. Loading of assembly skipped.
Assembly Unity.Mathematics.Tests.dll at Library/ScriptAssemblies/Unity.Mathematics.Tests.dll not valid. Loading of assembly skipped.
Assembly Unity.Multiplayer.Center.Editor.Tests.dll at Library/ScriptAssemblies/Unity.Multiplayer.Center.Editor.Tests.dll not valid. Loading of assembly skipped.
Assembly Unity.Multiplayer.Center.Tests.dll at Library/ScriptAssemblies/Unity.Multiplayer.Center.Tests.dll not valid. Loading of assembly skipped.
Assembly Unity.Nuget.Mono-Cecil.dll at Library/ScriptAssemblies/Unity.Nuget.Mono-Cecil.dll not valid. Loading of assembly skipped.
Assembly Unity.PathTracing.Editor.Tests.dll at Library/ScriptAssemblies/Unity.PathTracing.Editor.Tests.dll not valid. Loading of assembly skipped.
Assembly Unity.PathTracing.Runtime.Tests.dll at Library/ScriptAssemblies/Unity.PathTracing.Runtime.Tests.dll not valid. Loading of assembly skipped.
Assembly Unity.RenderPipelines.Core.Editor.Tests.dll at Library/ScriptAssemblies/Unity.RenderPipelines.Core.Editor.Tests.dll not valid. Loading of assembly skipped.
Assembly Unity.RenderPipelines.Core.Runtime.Tests.dll at Library/ScriptAssemblies/Unity.RenderPipelines.Core.Runtime.Tests.dll not valid. Loading of assembly skipped.
Assembly Unity.RenderPipelines.Universal.Config.Editor.Tests.dll at Library/ScriptAssemblies/Unity.RenderPipelines.Universal.Config.Editor.Tests.dll not valid. Loading of assembly skipped.
Assembly Unity.RenderPipelines.Universal.Editor.Tests.dll at Library/ScriptAssemblies/Unity.RenderPipelines.Universal.Editor.Tests.dll not valid. Loading of assembly skipped.
Assembly Unity.RenderPipelines.Universal.Runtime.Tests.dll at Library/ScriptAssemblies/Unity.RenderPipelines.Universal.Runtime.Tests.dll not valid. Loading of assembly skipped.
Assembly Unity.Searcher.EditorTests.dll at Library/ScriptAssemblies/Unity.Searcher.EditorTests.dll not valid. Loading of assembly skipped.
Assembly Unity.ShaderGraph.Editor.Tests.dll at Library/ScriptAssemblies/Unity.ShaderGraph.Editor.Tests.dll not valid. Loading of assembly skipped.
Assembly Unity.Sysroot.EditorTests.dll at Library/ScriptAssemblies/Unity.Sysroot.EditorTests.dll not valid. Loading of assembly skipped.
Assembly Unity.Sysroot.Linux_x86_64.EditorTests.dll at Library/ScriptAssemblies/Unity.Sysroot.Linux_x86_64.EditorTests.dll not valid. Loading of assembly skipped.
Assembly Unity.TextMeshPro.Editor.Tests.dll at Library/ScriptAssemblies/Unity.TextMeshPro.Editor.Tests.dll not valid. Loading of assembly skipped.
Assembly Unity.TextMeshPro.Tests.dll at Library/ScriptAssemblies/Unity.TextMeshPro.Tests.dll not valid. Loading of assembly skipped.
Assembly Unity.Toolchain.Linux-x86_64-Linux.EditorTests.dll at Library/ScriptAssemblies/Unity.Toolchain.Linux-x86_64-Linux.EditorTests.dll not valid. Loading of assembly skipped.
Assembly Unity.UnifiedRayTracing.Editor.Tests.dll at Library/ScriptAssemblies/Unity.UnifiedRayTracing.Editor.Tests.dll not valid. Loading of assembly skipped.
Assembly UnityEditor.UI.Common.Tests.dll at Library/ScriptAssemblies/UnityEditor.UI.Common.Tests.dll not valid. Loading of assembly skipped.
Assembly UnityEditor.UI.EditorTests.dll at Library/ScriptAssemblies/UnityEditor.UI.EditorTests.dll not valid. Loading of assembly skipped.
Assembly UnityEngine.UI.Tests.dll at Library/ScriptAssemblies/UnityEngine.UI.Tests.dll not valid. Loading of assembly skipped.
Assertion failed on expression: 'pred(*previous, *i)'
Assertion failed on expression: 'pred(*previous, *i)'
Assertion failed on expression: 'pred(*previous, *i)'
Assertion failed on expression: 'pred(*previous, *i)'
Assertion failed on expression: 'pred(*previous, *i)'
Native extension for LinuxStandalone target not found
Native extension for WindowsStandalone target not found
[Package Manager] Failed to launch server process. Reason: Unity was launched with the -noUpm command-line argument
[Package Manager] Unable to send message (not connected to server process).
[Package Manager] Cannot connect to Unity Package Manager local server
[Package Manager] Failed to launch server process. Reason: Unity was launched with the -noUpm command-line argument
[Package Manager] Unable to send message (not connected to server process).
[Package Manager] Cannot connect to Unity Package Manager local server
ScheduleIndexationOnStartup MainProcess:False IndexOnStartup:True
Mono: successfully reloaded assembly
- Finished resetting the current domain, in  0.505 seconds
Domain Reload Profiling: 1040ms
	BeginReloadAssembly (116ms)
		DisableScriptedObjects (4ms)
		CreateAndSetChildDomain (38ms)
	RebuildCommonClasses (30ms)
	RebuildNativeTypeToScriptingClass (7ms)
	initialDomainReloadingComplete (37ms)
	LoadAllAssembliesAndSetupDomain (344ms)
		LoadAssemblies (227ms)
		AnalyzeDomain (148ms)
			TypeCache.Refresh (5ms)
			BuildScriptInfoCaches (135ms)
			ResolveRequiredComponents (7ms)
	FinalizeReload (506ms)
		SetupLoadedEditorAssemblies (0ms)
			InitializePlatformSupportModulesInManaged (14ms)
			BeforeProcessingInitializeOnLoad (113ms)
			ProcessInitializeOnLoadAttributes (184ms)
			ProcessInitializeOnLoadMethodAttributes (52ms)
			AfterProcessingInitializeOnLoad (4ms)
		AwakeInstancesAfterBackupRestoration (10ms)
Shader Hidden/ChartRasterizerHardware is not supported: GPU does not support conservative rasterization
Unloading 25 Unused Serialized files (Serialized files now loaded: 0)
Unloading 6547 unused Assets / (6.0 MB). Loaded Objects now: 7495.
Memory consumption went from 185.2 MB to 179.2 MB.
Total: 8.754497 ms (FindLiveObjects: 0.757170 ms CreateObjectMapping: 0.704822 ms MarkObjects: 4.966684 ms  DeleteObjects: 2.324840 ms)

Prepare: number of updated asset objects reloaded= 0
========================================================================
Received Prepare
Shader Hidden/ChartRasterizerHardware is not supported: GPU does not support conservative rasterization
Unloading 25 Unused Serialized files (Serialized files now loaded: 0)
Unloading 6537 unused Assets / (6.2 MB). Loaded Objects now: 7496.
Memory consumption went from 185.4 MB to 179.2 MB.
Total: 10.353135 ms (FindLiveObjects: 0.780574 ms CreateObjectMapping: 0.985297 ms MarkObjects: 5.651449 ms  DeleteObjects: 2.934793 ms)

Prepare: number of updated asset objects reloaded= 0
========================================================================
Received Import Request.
  Time since last request: 3730.719962 seconds.
  path: Assets/Scripts/TerminalConsole.cs
  importAddress: Guid(a69fc8db91d728af1b429c7b9ee38ed5) Importer(2089858483,b0f066a214c2f5e87bad3c948f4d605d)
Start importing Assets/Scripts/TerminalConsole.cs using Guid(a69fc8db91d728af1b429c7b9ee38ed5) Importer(2089858483,b0f066a214c2f5e87bad3c948f4d605d) (ScriptedImporter) -> (Import Result ID: '9dffc2c0f3efe740b4db34412afa8eb6') in 0.046625988 seconds [static and dynamic dependencies]. Details - ImportResultOutputID=86754368c3d8504c0ad157da635495e5 DependenciesID=beccd28aeba297a2c8b041c3a4313d1f StaticDependenciesID=c0fd85c62aa9d44848df60d2f2556b9a 
Number of updated asset objects reloaded before import = 0Number of asset objects unloaded after import = 0

========================================================================
Received Import Request.
  Time since last request: 0.000020 seconds.
  path: Assets/Scripts/UIManager.cs
  importAddress: Guid(f8b7cca21993b284189a861af0410fb7) Importer(2089858483,b0f066a214c2f5e87bad3c948f4d605d)
Start importing Assets/Scripts/UIManager.cs using Guid(f8b7cca21993b284189a861af0410fb7) Importer(2089858483,b0f066a214c2f5e87bad3c948f4d605d) (ScriptedImporter) -> (Import Result ID: '9eb9f3e254b636273370ac8a8f05c07e') in 0.003475708 seconds [static and dynamic dependencies]. Details - ImportResultOutputID=0f113825a3d1f6f1066980177f24b643 DependenciesID=9839a3f3e22ada19b1190ec6a208f6a4 StaticDependenciesID=2e13731ef21b9a715396036a41e943ba 
Number of updated asset objects reloaded before import = 0Number of asset objects unloaded after import = 0

========================================================================
Received Import Request.
  Time since last request: 262.092597 seconds.
  path: Assets/Kevin Iglesias/Human Character Dummy/Prefabs/HumanDummy_F Orange.prefab
  importAddress: Guid(a2946f7bb3734fb45837bffca017fc9a) Importer(2089858483,b0f066a214c2f5e87bad3c948f4d605d)
Start importing Assets/Kevin Iglesias/Human Character Dummy/Prefabs/HumanDummy_F Orange.prefab using Guid(a2946f7bb3734fb45837bffca017fc9a) Importer(2089858483,b0f066a214c2f5e87bad3c948f4d605d) (ScriptedImporter) -> (Import Result ID: '7312cc1ac45536a33ac4a825a7bcc194') in 0.020896638 seconds [static and dynamic dependencies]. Details - ImportResultOutputID=82f5f28c04feac11c54f1ac89cfc139b DependenciesID=b926a58330a5911a035630df0ea38360 StaticDependenciesID=ca6d1e115cef307e1a383c917822342f 
Number of updated asset objects reloaded before import = 0Number of asset objects unloaded after import = 246

========================================================================
Received Import Request.
  Time since last request: 0.062732 seconds.
  path: Assets/Kevin Iglesias/Human Character Dummy/Materials/HumanDummy_Red.mat
  importAddress: Guid(f4fb8c083a36ec44294f9eabd63bd1f1) Importer(2089858483,b0f066a214c2f5e87bad3c948f4d605d)
Start importing Assets/Kevin Iglesias/Human Character Dummy/Materials/HumanDummy_Red.mat using Guid(f4fb8c083a36ec44294f9eabd63bd1f1) Importer(2089858483,b0f066a214c2f5e87bad3c948f4d605d) (ScriptedImporter) -> (Import Result ID: 'b0ff92d81341f4260967c777007c8d38') in 0.010820201 seconds [static and dynamic dependencies]. Details - ImportResultOutputID=cc92e5e43f44bed4f366b59b05b10d33 DependenciesID=5db8c5caf5338970a48d8cd8e768224d StaticDependenciesID=3315b249565bb0730a9bce4d2376da5e 
Number of updated asset objects reloaded before import = 0Number of asset objects unloaded after import = 3

========================================================================
Received Import Request.
  Time since last request: 0.070267 seconds.
  path: Assets/Kevin Iglesias/Human Character Dummy/Human Character Dummy.unity
  importAddress: Guid(dba2fd184a5dbfb42a143781fc8dea40) Importer(2089858483,b0f066a214c2f5e87bad3c948f4d605d)
Start importing Assets/Kevin Iglesias/Human Character Dummy/Human Character Dummy.unity using Guid(dba2fd184a5dbfb42a143781fc8dea40) Importer(2089858483,b0f066a214c2f5e87bad3c948f4d605d) (ScriptedImporter) -> (Import Result ID: '9c361137c080f51788e4c9806b24a3a4') in 0.004475102 seconds [static and dynamic dependencies]. Details - ImportResultOutputID=c782e45a76fe0756773b37ec862bb9ca DependenciesID=b9e045680dfb18fe21aba652a634e46f StaticDependenciesID=cae49a536b826a84a51b4827a7701c5c 
Number of updated asset objects reloaded before import = 0Number of asset objects unloaded after import = 1

========================================================================
Received Import Request.
  Time since last request: 0.000015 seconds.
  path: Assets/Kevin Iglesias/Human Character Dummy/Models
  importAddress: Guid(13f99cedae6c24841a6ff14eae4542a8) Importer(2089858483,b0f066a214c2f5e87bad3c948f4d605d)
Start importing Assets/Kevin Iglesias/Human Character Dummy/Models using Guid(13f99cedae6c24841a6ff14eae4542a8) Importer(2089858483,b0f066a214c2f5e87bad3c948f4d605d) (ScriptedImporter) -> (Import Result ID: '2eaf4e7bf29e56961b0459ba48436819') in 0.002199014 seconds [static and dynamic dependencies]. Details - ImportResultOutputID=3680aa1837e5c5fae9901532c150fb40 DependenciesID=5e436664d6f0cbd2cd5633a1de3a685a StaticDependenciesID=aeabf2ca35192f155821f96c0426421e 
Number of updated asset objects reloaded before import = 0Number of asset objects unloaded after import = 1

========================================================================
Received Import Request.
  Time since last request: 0.000019 seconds.
  path: Assets/Kevin Iglesias/Human Character Dummy/Prefabs/HumanDummy_M Orange.prefab
  importAddress: Guid(25d2a9cf34a2f824696580ea08b248e2) Importer(2089858483,b0f066a214c2f5e87bad3c948f4d605d)
Start importing Assets/Kevin Iglesias/Human Character Dummy/Prefabs/HumanDummy_M Orange.prefab using Guid(25d2a9cf34a2f824696580ea08b248e2) Importer(2089858483,b0f066a214c2f5e87bad3c948f4d605d) (ScriptedImporter) -> (Import Result ID: '3fc93fbdd209d883f0f835b12b945594') in 0.005627804 seconds [static and dynamic dependencies]. Details - ImportResultOutputID=860e8307bca359f7af0f1ca665c80ad3 DependenciesID=704ee589703044919d8bde28af702d34 StaticDependenciesID=4d029601dc0f357100d8ec5e57367374 
Number of updated asset objects reloaded before import = 0Number of asset objects unloaded after import = 246

========================================================================
Received Import Request.
  Time since last request: 0.000014 seconds.
  path: Assets/Kevin Iglesias/Human Character Dummy/Materials/HumanDummy_Purple.mat
  importAddress: Guid(0a4488b487ef14a4ba7e5698e8217eda) Importer(2089858483,b0f066a214c2f5e87bad3c948f4d605d)
Start importing Assets/Kevin Iglesias/Human Character Dummy/Materials/HumanDummy_Purple.mat using Guid(0a4488b487ef14a4ba7e5698e8217eda) Importer(2089858483,b0f066a214c2f5e87bad3c948f4d605d) (ScriptedImporter) -> (Import Result ID: '0aa8e228fb7c27bce78aab117a29bfde') in 0.003618757 seconds [static and dynamic dependencies]. Details - ImportResultOutputID=04b56527dc1159f58b9789a0e67ffe82 DependenciesID=b591cadd1ee5584771eeb78ab6cd4de8 StaticDependenciesID=c67d8d518d177046f217ddb5c07ab35c 
Number of updated asset objects reloaded before import = 0Number of asset objects unloaded after import = 3

========================================================================
Received Import Request.
  Time since last request: 0.000010 seconds.
  path: Assets/Kevin Iglesias/Human Character Dummy
  importAddress: Guid(4cc6108cd1619404daaac42c08d0c3a6) Importer(2089858483,b0f066a214c2f5e87bad3c948f4d605d)
Start importing Assets/Kevin Iglesias/Human Character Dummy using Guid(4cc6108cd1619404daaac42c08d0c3a6) Importer(2089858483,b0f066a214c2f5e87bad3c948f4d605d) (ScriptedImporter) -> (Import Result ID: 'ba98c3905ec05c440db57fe7459c5377') in 0.003056713 seconds [static and dynamic dependencies]. Details - ImportResultOutputID=70b56d239076e477261fbfd0040200b8 DependenciesID=67f13228f8e1a1822c2b86b8196b9a36 StaticDependenciesID=ad4e7384bb4f76e46ad7399f809436eb 
Number of updated asset objects reloaded before import = 0Number of asset objects unloaded after import = 1

========================================================================
Received Import Request.
  Time since last request: 0.000015 seconds.
  path: Assets/Kevin Iglesias/Human Character Dummy/Materials/HumanDummy.mat
  importAddress: Guid(aaddffe38381a60428eb1aeab1ba8b85) Importer(2089858483,b0f066a214c2f5e87bad3c948f4d605d)
Start importing Assets/Kevin Iglesias/Human Character Dummy/Materials/HumanDummy.mat using Guid(aaddffe38381a60428eb1aeab1ba8b85) Importer(2089858483,b0f066a214c2f5e87bad3c948f4d605d) (ScriptedImporter) -> (Import Result ID: 'ec0afb066565ef77a70d4cf38806818c') in 0.003204389 seconds [static and dynamic dependencies]. Details - ImportResultOutputID=a2e49965633a85028f4efa22cd564d00 DependenciesID=d0f0823af6c00e72c966681e51f92833 StaticDependenciesID=a70ee61a288bc318719f08a9bb760a4e 
Number of updated asset objects reloaded before import = 0Number of asset objects unloaded after import = 2

========================================================================
Received Import Request.
  Time since last request: 0.000012 seconds.
  path: Assets/Kevin Iglesias/Human Character Dummy/Materials/HumanDummy_Blue.mat
  importAddress: Guid(e2040610130a73245aedc9fb9f8d9718) Importer(2089858483,b0f066a214c2f5e87bad3c948f4d605d)
Start importing Assets/Kevin Iglesias/Human Character Dummy/Materials/HumanDummy_Blue.mat using Guid(e2040610130a73245aedc9fb9f8d9718) Importer(2089858483,b0f066a214c2f5e87bad3c948f4d605d) (ScriptedImporter) -> (Import Result ID: '0e7075247bebab53530d9910551851fd') in 0.003004595 seconds [static and dynamic dependencies]. Details - ImportResultOutputID=14405597f44f60d9188feb955a6ca408 DependenciesID=3b77bf280aac965455a32e172970029a StaticDependenciesID=184b4436f50676b4eddb303cd07a8f61 
Number of updated asset objects reloaded before import = 0Number of asset objects unloaded after import = 3

========================================================================
Received Import Request.
  Time since last request: 0.000019 seconds.
  path: Assets/Kevin Iglesias/Human Character Dummy/Materials/HumanDummy_Green.mat
  importAddress: Guid(4bb95055a3ed1c14a8f7f8ac59fe97e3) Importer(2089858483,b0f066a214c2f5e87bad3c948f4d605d)
Start importing Assets/Kevin Iglesias/Human Character Dummy/Materials/HumanDummy_Green.mat using Guid(4bb95055a3ed1c14a8f7f8ac59fe97e3) Importer(2089858483,b0f066a214c2f5e87bad3c948f4d605d) (ScriptedImporter) -> (Import Result ID: '430148d8dae808ded647d4e73ef8ccf7') in 0.003697294 seconds [static and dynamic dependencies]. Details - ImportResultOutputID=dad9221bd73e87b58362aba6458bc6c5 DependenciesID=e1f03ac2e530d24258557e7eb7c9ac02 StaticDependenciesID=6853d238d970b1a78cf787b40d66827c 
Number of updated asset objects reloaded before import = 0Number of asset objects unloaded after import = 3

========================================================================
Received Import Request.
  Time since last request: 0.000019 seconds.
  path: Assets/Kevin Iglesias/Human Character Dummy/Prefabs/HumanDummy_M Green.prefab
  importAddress: Guid(cf00dd020e6c2da47b5072176f1d9758) Importer(2089858483,b0f066a214c2f5e87bad3c948f4d605d)
Start importing Assets/Kevin Iglesias/Human Character Dummy/Prefabs/HumanDummy_M Green.prefab using Guid(cf00dd020e6c2da47b5072176f1d9758) Importer(2089858483,b0f066a214c2f5e87bad3c948f4d605d) (ScriptedImporter) -> (Import Result ID: '027fa9bf65fdfa192a6d3fb16b552374') in 0.006568448 seconds [static and dynamic dependencies]. Details - ImportResultOutputID=b63e6eee8c09551dfff8ebfc93c054c4 DependenciesID=452bb34ada59c89978425a1e9950a023 StaticDependenciesID=c8505a6bcc94943e6eb28909429f6316 
Number of updated asset objects reloaded before import = 0Number of asset objects unloaded after import = 246

========================================================================
Received Import Request.
  Time since last request: 0.000012 seconds.
  path: Assets/Kevin Iglesias/Human Character Dummy/Materials/HumanDummy_Orange.mat
  importAddress: Guid(c5d04fd4368b4f44e9abe4a9ce8c9497) Importer(2089858483,b0f066a214c2f5e87bad3c948f4d605d)
Start importing Assets/Kevin Iglesias/Human Character Dummy/Materials/HumanDummy_Orange.mat using Guid(c5d04fd4368b4f44e9abe4a9ce8c9497) Importer(2089858483,b0f066a214c2f5e87bad3c948f4d605d) (ScriptedImporter) -> (Import Result ID: 'e2027e6717d2e8b1b104b5a0bd89913c') in 0.003262959 seconds [static and dynamic dependencies]. Details - ImportResultOutputID=5386a96b722832a270daaae7a197dfde DependenciesID=501599f715f1a7afcdc4099ea1eb6757 StaticDependenciesID=0b80d36012a33b4e69eb03dcf61d7c97 
Number of updated asset objects reloaded before import = 0Number of asset objects unloaded after import = 3

========================================================================
Received Import Request.
  Time since last request: 0.000015 seconds.
  path: Assets/Kevin Iglesias/Human Character Dummy/Models/HumanCharacterDummy_F.fbx
  importAddress: Guid(f1e8e1bfafe7fa241ba6b4181f3eba85) Importer(2089858483,b0f066a214c2f5e87bad3c948f4d605d)
Start importing Assets/Kevin Iglesias/Human Character Dummy/Models/HumanCharacterDummy_F.fbx using Guid(f1e8e1bfafe7fa241ba6b4181f3eba85) Importer(2089858483,b0f066a214c2f5e87bad3c948f4d605d) (ScriptedImporter) -> (Import Result ID: '14eae9bd8d5384ce02b6f50ab028800d') in 0.025896103 seconds [static and dynamic dependencies]. Details - ImportResultOutputID=d772499f4e247efbb5a97eafe951bb63 DependenciesID=2eeae92af67b4e915f2ce50888c51dd7 StaticDependenciesID=797b08176a4cf68e1ebb8931d0b98c33 
Number of updated asset objects reloaded before import = 0Number of asset objects unloaded after import = 124

========================================================================
Received Import Request.
  Time since last request: 0.000017 seconds.
  path: Assets/Kevin Iglesias/Human Character Dummy/Prefabs/HumanDummy_M Red.prefab
  importAddress: Guid(d4c0d7159c5a44b4c9e0b1bb6c221fe1) Importer(2089858483,b0f066a214c2f5e87bad3c948f4d605d)
Start importing Assets/Kevin Iglesias/Human Character Dummy/Prefabs/HumanDummy_M Red.prefab using Guid(d4c0d7159c5a44b4c9e0b1bb6c221fe1) Importer(2089858483,b0f066a214c2f5e87bad3c948f4d605d) (ScriptedImporter) -> (Import Result ID: '6c2540f189cb45657517e5d23748d6f4') in 0.004646073 seconds [static and dynamic dependencies]. Details - ImportResultOutputID=b8acec6e1176e3e3ed0ea773ad21ea67 DependenciesID=c462e1c78d4c1cfebebb82baaafdd965 StaticDependenciesID=e5157a88283e6b49e13d2f171a119159 
Number of updated asset objects reloaded before import = 0Number of asset objects unloaded after import = 246

========================================================================
Received Import Request.
  Time since last request: 0.000012 seconds.
  path: Assets/Kevin Iglesias
  importAddress: Guid(0badc97a0db6dc39590d2a18f440cf23) Importer(2089858483,b0f066a214c2f5e87bad3c948f4d605d)
Start importing Assets/Kevin Iglesias using Guid(0badc97a0db6dc39590d2a18f440cf23) Importer(2089858483,b0f066a214c2f5e87bad3c948f4d605d) (ScriptedImporter) -> (Import Result ID: '5a804ee26266cd4a86b47f3f5eee3ebe') in 0.001942233 seconds [static and dynamic dependencies]. Details - ImportResultOutputID=10ff59354fd6b88da675184707eef9ea DependenciesID=27c1738b968a6ad75010a8637d29bad7 StaticDependenciesID=b64f1a5070800bd664ce8e6b4bfbaff5 
Number of updated asset objects reloaded before import = 0Number of asset objects unloaded after import = 1

========================================================================
Received Import Request.
  Time since last request: 0.000014 seconds.
  path: Assets/Kevin Iglesias/Human Character Dummy/Prefabs/HumanDummy_F Red.prefab
  importAddress: Guid(4ee24ec3c30f6be4fb750c695e91b66e) Importer(2089858483,b0f066a214c2f5e87bad3c948f4d605d)
Start importing Assets/Kevin Iglesias/Human Character Dummy/Prefabs/HumanDummy_F Red.prefab using Guid(4ee24ec3c30f6be4fb750c695e91b66e) Importer(2089858483,b0f066a214c2f5e87bad3c948f4d605d) (ScriptedImporter) -> (Import Result ID: '8abe9fb45283f0a9b249c5449ec74797') in 0.004081404 seconds [static and dynamic dependencies]. Details - ImportResultOutputID=04c21ac7a2abc5bff3a9d371ea9a2b84 DependenciesID=8b5a81a567dbda70ed1d36d96499ef06 StaticDependenciesID=ef7d4bd76f3ed49b3aaad94ed672eb94 
Number of updated asset objects reloaded before import = 0Number of asset objects unloaded after import = 246

========================================================================
Received Import Request.
  Time since last request: 0.000013 seconds.
  path: Assets/Kevin Iglesias/Human Character Dummy/Prefabs/HumanDummy_M Blue.prefab
  importAddress: Guid(6ce2ca4393664d6458bbda59da45f5a3) Importer(2089858483,b0f066a214c2f5e87bad3c948f4d605d)
Start importing Assets/Kevin Iglesias/Human Character Dummy/Prefabs/HumanDummy_M Blue.prefab using Guid(6ce2ca4393664d6458bbda59da45f5a3) Importer(2089858483,b0f066a214c2f5e87bad3c948f4d605d) (ScriptedImporter) -> (Import Result ID: 'ca090157797f3df07fdad12c9752f99e') in 0.004368222 seconds [static and dynamic dependencies]. Details - ImportResultOutputID=08470e6a3247ee82473f102290de03a9 DependenciesID=0a3b03d168fa3f0d0309e7718946b377 StaticDependenciesID=a9a8904ebf06aeba8eef1e59e7679eb6 
Number of updated asset objects reloaded before import = 0Number of asset objects unloaded after import = 246

========================================================================
Received Import Request.
  Time since last request: 7.642228 seconds.
  path: Assets/Kevin Iglesias
  importAddress: Guid(0badc97a0db6dc39590d2a18f440cf23) Importer(815301076,1909f56bfc062723c751e8b465ee728b)
Start importing Assets/Kevin Iglesias using Guid(0badc97a0db6dc39590d2a18f440cf23) Importer(815301076,1909f56bfc062723c751e8b465ee728b) (PreviewImporter) -> (Import Result ID: '2916d6edf92753d9070b4d68bd0a95b9') in 0.000617198 seconds [static and dynamic dependencies]. Details - ImportResultOutputID=d2179feb03c4e614678f6ccd6ac898c9 DependenciesID=a6a37cd8083143f4c41a67b18626a9d2 StaticDependenciesID=e5c382219ec53275e8184d0364e543c3 
Number of updated asset objects reloaded before import = 0Number of asset objects unloaded after import = 0

========================================================================
Received Import Request.
  Time since last request: 2.090670 seconds.
  path: Assets/Kevin Iglesias/Human Character Dummy
  importAddress: Guid(4cc6108cd1619404daaac42c08d0c3a6) Importer(815301076,1909f56bfc062723c751e8b465ee728b)
Start importing Assets/Kevin Iglesias/Human Character Dummy using Guid(4cc6108cd1619404daaac42c08d0c3a6) Importer(815301076,1909f56bfc062723c751e8b465ee728b) (PreviewImporter) -> (Import Result ID: '5578072d8fefdd79197af7986fdb0fa8') in 0.000458039 seconds [static and dynamic dependencies]. Details - ImportResultOutputID=b33d9c3008c3f50be67ed87f8c53dd78 DependenciesID=c156c144d2c7fcd1fee7db6202f7680d StaticDependenciesID=c1515e48fc062daf76665f221f5b6226 
Number of updated asset objects reloaded before import = 0Number of asset objects unloaded after import = 0

========================================================================
Received Import Request.
  Time since last request: 1.049782 seconds.
  path: Assets/Kevin Iglesias/Human Character Dummy/Human Character Dummy.unity
  importAddress: Guid(dba2fd184a5dbfb42a143781fc8dea40) Importer(815301076,1909f56bfc062723c751e8b465ee728b)
Start importing Assets/Kevin Iglesias/Human Character Dummy/Human Character Dummy.unity using Guid(dba2fd184a5dbfb42a143781fc8dea40) Importer(815301076,1909f56bfc062723c751e8b465ee728b) (PreviewImporter) -> (Import Result ID: '653027c75468667839f3f733628db63a') in 0.000325811 seconds [static and dynamic dependencies]. Details - ImportResultOutputID=89a2f884f3ebe9ede3269d127dd97ef1 DependenciesID=abeed9158e2652c51f45cc30ec2902d5 StaticDependenciesID=9ed02cdde3a090ef64bd382a404b77cb 
Number of updated asset objects reloaded before import = 0Number of asset objects unloaded after import = 0

========================================================================
Received Import Request.
  Time since last request: 40.681437 seconds.
  path: Assets/Kevin Iglesias/Human Character Dummy/Textures
  importAddress: Guid(abac834ade61c55419dc12aca3500d4a) Importer(815301076,1909f56bfc062723c751e8b465ee728b)
Start importing Assets/Kevin Iglesias/Human Character Dummy/Textures using Guid(abac834ade61c55419dc12aca3500d4a) Importer(815301076,1909f56bfc062723c751e8b465ee728b) (PreviewImporter) -> (Import Result ID: '2eb6439ac7294fe4eac54a8bdd95358f') in 0.000327745 seconds [static and dynamic dependencies]. Details - ImportResultOutputID=d2463e2521309110e49748f4afaad962 DependenciesID=8cbc422fed3c1acf62c599417175e49f StaticDependenciesID=fa353c1339b1d76397ec7de1f3794092 
Number of updated asset objects reloaded before import = 0Number of asset objects unloaded after import = 0

========================================================================
Received Import Request.
  Time since last request: 0.664514 seconds.
  path: Assets/Kevin Iglesias/Human Character Dummy/Prefabs
  importAddress: Guid(398cdfb8832046b44ac2c750195fd165) Importer(815301076,1909f56bfc062723c751e8b465ee728b)
Start importing Assets/Kevin Iglesias/Human Character Dummy/Prefabs using Guid(398cdfb8832046b44ac2c750195fd165) Importer(815301076,1909f56bfc062723c751e8b465ee728b) (PreviewImporter) -> (Import Result ID: 'e8669c834ad786962b6f9d9d306e3adf') in 0.000489468 seconds [static and dynamic dependencies]. Details - ImportResultOutputID=ac582125161c1332be85f844839b8375 DependenciesID=82ade45a40ce6285e71301534f34242d StaticDependenciesID=6c185e04296cfb9ecd60845b7688729b 
Number of updated asset objects reloaded before import = 0Number of asset objects unloaded after import = 0

========================================================================
Received Import Request.
  Time since last request: 1.221468 seconds.
  path: Assets/Kevin Iglesias/Human Character Dummy/Materials
  importAddress: Guid(142c6c467e52ffa41ba3c0671e2aa57f) Importer(815301076,1909f56bfc062723c751e8b465ee728b)
Start importing Assets/Kevin Iglesias/Human Character Dummy/Materials using Guid(142c6c467e52ffa41ba3c0671e2aa57f) Importer(815301076,1909f56bfc062723c751e8b465ee728b) (PreviewImporter) -> (Import Result ID: 'f8a0249dda98a764148f1325e3f65e11') in 0.000345017 seconds [static and dynamic dependencies]. Details - ImportResultOutputID=d710768a8fb439acec0c84623890ac6b DependenciesID=943bef99543ef56b24ba0a1fc26174a2 StaticDependenciesID=14c43637715c859a3cfe1017772c9d35 
Number of updated asset objects reloaded before import = 0Number of asset objects unloaded after import = 0

========================================================================
Received Import Request.
  Time since last request: 0.420737 seconds.
  path: Assets/Kevin Iglesias/Human Character Dummy/Models
  importAddress: Guid(13f99cedae6c24841a6ff14eae4542a8) Importer(815301076,1909f56bfc062723c751e8b465ee728b)
Start importing Assets/Kevin Iglesias/Human Character Dummy/Models using Guid(13f99cedae6c24841a6ff14eae4542a8) Importer(815301076,1909f56bfc062723c751e8b465ee728b) (PreviewImporter) -> (Import Result ID: '99f57f6fffe17ec9f238cc1c6c4ce26c') in 0.000315121 seconds [static and dynamic dependencies]. Details - ImportResultOutputID=8ca2c1b7713e1faee69419f6e0fbdc09 DependenciesID=a7262cb7ebb02f5f85fa954c82821b8e StaticDependenciesID=a9b25bbfe8685caa8e13ebd07a0998d9 
Number of updated asset objects reloaded before import = 0Number of asset objects unloaded after import = 0

========================================================================
Received Import Request.
  Time since last request: 0.033927 seconds.
  path: Assets/Kevin Iglesias/Human Character Dummy/Models/HumanCharacterDummy_F.fbx
  importAddress: Guid(f1e8e1bfafe7fa241ba6b4181f3eba85) Importer(815301076,1909f56bfc062723c751e8b465ee728b)
Start importing Assets/Kevin Iglesias/Human Character Dummy/Models/HumanCharacterDummy_F.fbx using Guid(f1e8e1bfafe7fa241ba6b4181f3eba85) Importer(815301076,1909f56bfc062723c751e8b465ee728b) (PreviewImporter) -> (Import Result ID: '490c70f5bbed8cc1d309351d06d52d86') in 0.312465219 seconds [static and dynamic dependencies]. Details - ImportResultOutputID=b103c77c7177ba4e0ca58f527d544f6b DependenciesID=c00479a702229e5bc2838f6139be0d64 StaticDependenciesID=034a0896a929b58c08cb1fabed6fda0b 
Number of updated asset objects reloaded before import = 0Number of asset objects unloaded after import = 124

========================================================================
Received Import Request.
  Time since last request: 149.155521 seconds.
  path: Assets/Scripts/TerminalConsole.cs
  importAddress: Guid(a69fc8db91d728af1b429c7b9ee38ed5) Importer(815301076,1909f56bfc062723c751e8b465ee728b)
Start importing Assets/Scripts/TerminalConsole.cs using Guid(a69fc8db91d728af1b429c7b9ee38ed5) Importer(815301076,1909f56bfc062723c751e8b465ee728b) (PreviewImporter) -> (Import Result ID: '473c9e54e82fc9f7a833e943640ad725') in 0.000356128 seconds [static and dynamic dependencies]. Details - ImportResultOutputID=39c7508c2f72d84f4530e9f4415c08cf DependenciesID=f71a9a59be9b310cea5a2864e8ca5508 StaticDependenciesID=c57b9bc3ca3e7ddf1b7b2d53c9498106 
Number of updated asset objects reloaded before import = 0Number of asset objects unloaded after import = 0

========================================================================
Received Import Request.
  Time since last request: 611.546412 seconds.
  path: Assets/Scenes/SampleScene.unity
  importAddress: Guid(0683aed374d626acdb0798585f7edfd6) Importer(2089858483,b0f066a214c2f5e87bad3c948f4d605d)
Start importing Assets/Scenes/SampleScene.unity using Guid(0683aed374d626acdb0798585f7edfd6) Importer(2089858483,b0f066a214c2f5e87bad3c948f4d605d) (ScriptedImporter) -> (Import Result ID: 'e79407f931922bff175e85589f42068d') in 0.003492439 seconds [static and dynamic dependencies]. Details - ImportResultOutputID=b2c9c8ef4d4d578cb1c349aa47d0b3b0 DependenciesID=d751e5a0ca0bd5513e3383b0656775de StaticDependenciesID=6e9a8437746ea6985e3cfd219e794378 
Number of updated asset objects reloaded before import = 0Number of asset objects unloaded after import = 1

========================================================================
Received Prepare
Shader Hidden/ChartRasterizerHardware is not supported: GPU does not support conservative rasterization
Unloading 25 Unused Serialized files (Serialized files now loaded: 0)
Unloading 6539 unused Assets / (4.4 MB). Loaded Objects now: 7604.
Memory consumption went from 190.6 MB to 186.2 MB.
Total: 13.579906 ms (FindLiveObjects: 0.585407 ms CreateObjectMapping: 0.549189 ms MarkObjects: 9.094285 ms  DeleteObjects: 3.349952 ms)

Prepare: number of updated asset objects reloaded= 0
========================================================================
Received Import Request.
  Time since last request: 31.547434 seconds.
  path: Assets/Scripts/PlayerController.cs
  importAddress: Guid(9bf322326ab39ad13929e68eb3bbc1b8) Importer(2089858483,b0f066a214c2f5e87bad3c948f4d605d)
Start importing Assets/Scripts/PlayerController.cs using Guid(9bf322326ab39ad13929e68eb3bbc1b8) Importer(2089858483,b0f066a214c2f5e87bad3c948f4d605d) (ScriptedImporter) -> (Import Result ID: 'ff0d41b82f89f45659f7dbad2c71cb2d') in 0.001753108 seconds [static and dynamic dependencies]. Details - ImportResultOutputID=819e959683594ed68fdd998d40d64531 DependenciesID=d86e51ce427e74a049a86aca825c1b5c StaticDependenciesID=380f6f14d726813d4788a568980cd759 
Number of updated asset objects reloaded before import = 0Number of asset objects unloaded after import = 0

========================================================================
Received Prepare
Begin MonoManager ReloadAssembly
[Licensing::Client] Successfully resolved entitlement details
Assembly Assembly-CSharp-Editor-firstpass.dll at Library/ScriptAssemblies/Assembly-CSharp-Editor-firstpass.dll not valid. Loading of assembly skipped.
Assembly Assembly-CSharp-firstpass.dll at Library/ScriptAssemblies/Assembly-CSharp-firstpass.dll not valid. Loading of assembly skipped.
Assembly DocCodeExamples.dll at Library/ScriptAssemblies/DocCodeExamples.dll not valid. Loading of assembly skipped.
Assembly TestNewCustomAssembly.dll at Library/ScriptAssemblies/TestNewCustomAssembly.dll not valid. Loading of assembly skipped.
Assembly Unity.Collections.BurstCompatibilityGen.dll at Library/ScriptAssemblies/Unity.Collections.BurstCompatibilityGen.dll not valid. Loading of assembly skipped.
Assembly Unity.Collections.DocCodeSamples.dll at Library/ScriptAssemblies/Unity.Collections.DocCodeSamples.dll not valid. Loading of assembly skipped.
Assembly Unity.Collections.PerformanceTests.dll at Library/ScriptAssemblies/Unity.Collections.PerformanceTests.dll not valid. Loading of assembly skipped.
Assembly Unity.Collections.Tests.dll at Library/ScriptAssemblies/Unity.Collections.Tests.dll not valid. Loading of assembly skipped.
Assembly Unity.Collections.Tests.Playmode.dll at Library/ScriptAssemblies/Unity.Collections.Tests.Playmode.dll not valid. Loading of assembly skipped.
Assembly Unity.InputSystem.IntegrationTests.dll at Library/ScriptAssemblies/Unity.InputSystem.IntegrationTests.dll not valid. Loading of assembly skipped.
Assembly Unity.Mathematics.Tests.dll at Library/ScriptAssemblies/Unity.Mathematics.Tests.dll not valid. Loading of assembly skipped.
Assembly Unity.Multiplayer.Center.Editor.Tests.dll at Library/ScriptAssemblies/Unity.Multiplayer.Center.Editor.Tests.dll not valid. Loading of assembly skipped.
Assembly Unity.Multiplayer.Center.Tests.dll at Library/ScriptAssemblies/Unity.Multiplayer.Center.Tests.dll not valid. Loading of assembly skipped.
Assembly Unity.Nuget.Mono-Cecil.dll at Library/ScriptAssemblies/Unity.Nuget.Mono-Cecil.dll not valid. Loading of assembly skipped.
Assembly Unity.PathTracing.Editor.Tests.dll at Library/ScriptAssemblies/Unity.PathTracing.Editor.Tests.dll not valid. Loading of assembly skipped.
Assembly Unity.PathTracing.Runtime.Tests.dll at Library/ScriptAssemblies/Unity.PathTracing.Runtime.Tests.dll not valid. Loading of assembly skipped.
Assembly Unity.RenderPipelines.Core.Editor.Tests.dll at Library/ScriptAssemblies/Unity.RenderPipelines.Core.Editor.Tests.dll not valid. Loading of assembly skipped.
Assembly Unity.RenderPipelines.Core.Runtime.Tests.dll at Library/ScriptAssemblies/Unity.RenderPipelines.Core.Runtime.Tests.dll not valid. Loading of assembly skipped.
Assembly Unity.RenderPipelines.Universal.Config.Editor.Tests.dll at Library/ScriptAssemblies/Unity.RenderPipelines.Universal.Config.Editor.Tests.dll not valid. Loading of assembly skipped.
Assembly Unity.RenderPipelines.Universal.Editor.Tests.dll at Library/ScriptAssemblies/Unity.RenderPipelines.Universal.Editor.Tests.dll not valid. Loading of assembly skipped.
Assembly Unity.RenderPipelines.Universal.Runtime.Tests.dll at Library/ScriptAssemblies/Unity.RenderPipelines.Universal.Runtime.Tests.dll not valid. Loading of assembly skipped.
Assembly Unity.Searcher.EditorTests.dll at Library/ScriptAssemblies/Unity.Searcher.EditorTests.dll not valid. Loading of assembly skipped.
Assembly Unity.ShaderGraph.Editor.Tests.dll at Library/ScriptAssemblies/Unity.ShaderGraph.Editor.Tests.dll not valid. Loading of assembly skipped.
Assembly Unity.Sysroot.EditorTests.dll at Library/ScriptAssemblies/Unity.Sysroot.EditorTests.dll not valid. Loading of assembly skipped.
Assembly Unity.Sysroot.Linux_x86_64.EditorTests.dll at Library/ScriptAssemblies/Unity.Sysroot.Linux_x86_64.EditorTests.dll not valid. Loading of assembly skipped.
Assembly Unity.TextMeshPro.Editor.Tests.dll at Library/ScriptAssemblies/Unity.TextMeshPro.Editor.Tests.dll not valid. Loading of assembly skipped.
Assembly Unity.TextMeshPro.Tests.dll at Library/ScriptAssemblies/Unity.TextMeshPro.Tests.dll not valid. Loading of assembly skipped.
Assembly Unity.Toolchain.Linux-x86_64-Linux.EditorTests.dll at Library/ScriptAssemblies/Unity.Toolchain.Linux-x86_64-Linux.EditorTests.dll not valid. Loading of assembly skipped.
Assembly Unity.UnifiedRayTracing.Editor.Tests.dll at Library/ScriptAssemblies/Unity.UnifiedRayTracing.Editor.Tests.dll not valid. Loading of assembly skipped.
Assembly UnityEditor.UI.Common.Tests.dll at Library/ScriptAssemblies/UnityEditor.UI.Common.Tests.dll not valid. Loading of assembly skipped.
Assembly UnityEditor.UI.EditorTests.dll at Library/ScriptAssemblies/UnityEditor.UI.EditorTests.dll not valid. Loading of assembly skipped.
Assembly UnityEngine.UI.Tests.dll at Library/ScriptAssemblies/UnityEngine.UI.Tests.dll not valid. Loading of assembly skipped.
Assertion failed on expression: 'pred(*previous, *i)'
Assertion failed on expression: 'pred(*previous, *i)'
Assertion failed on expression: 'pred(*previous, *i)'
Assertion failed on expression: 'pred(*previous, *i)'
Assertion failed on expression: 'pred(*previous, *i)'
Assertion failed on expression: 'pred(*previous, *i)'
Native extension for LinuxStandalone target not found
Native extension for WindowsStandalone target not found
[Package Manager] Failed to launch server process. Reason: Unity was launched with the -noUpm command-line argument
[Package Manager] Unable to send message (not connected to server process).
[Package Manager] Cannot connect to Unity Package Manager local server
[Package Manager] Failed to launch server process. Reason: Unity was launched with the -noUpm command-line argument
[Package Manager] Unable to send message (not connected to server process).
[Package Manager] Cannot connect to Unity Package Manager local server
ScheduleIndexationOnStartup MainProcess:False IndexOnStartup:True
Mono: successfully reloaded assembly
- Finished resetting the current domain, in  0.496 seconds
Domain Reload Profiling: 1027ms
	BeginReloadAssembly (134ms)
		DisableScriptedObjects (14ms)
		CreateAndSetChildDomain (46ms)
	RebuildCommonClasses (28ms)
	RebuildNativeTypeToScriptingClass (6ms)
	initialDomainReloadingComplete (31ms)
	LoadAllAssembliesAndSetupDomain (331ms)
		LoadAssemblies (209ms)
		AnalyzeDomain (153ms)
			TypeCache.Refresh (7ms)
			BuildScriptInfoCaches (138ms)
			ResolveRequiredComponents (7ms)
	FinalizeReload (496ms)
		SetupLoadedEditorAssemblies (0ms)
			InitializePlatformSupportModulesInManaged (14ms)
			BeforeProcessingInitializeOnLoad (114ms)
			ProcessInitializeOnLoadAttributes (174ms)
			ProcessInitializeOnLoadMethodAttributes (50ms)
			AfterProcessingInitializeOnLoad (5ms)
		AwakeInstancesAfterBackupRestoration (9ms)
Shader Hidden/ChartRasterizerHardware is not supported: GPU does not support conservative rasterization
Unloading 25 Unused Serialized files (Serialized files now loaded: 0)
Unloading 6548 unused Assets / (5.7 MB). Loaded Objects now: 7519.
Memory consumption went from 185.7 MB to 179.9 MB.
Total: 7.882262 ms (FindLiveObjects: 0.534733 ms CreateObjectMapping: 0.478618 ms MarkObjects: 4.957787 ms  DeleteObjects: 1.910442 ms)

Prepare: number of updated asset objects reloaded= 0
========================================================================
Received Prepare
Begin MonoManager ReloadAssembly
Assembly Assembly-CSharp-Editor-firstpass.dll at Library/ScriptAssemblies/Assembly-CSharp-Editor-firstpass.dll not valid. Loading of assembly skipped.
Assembly Assembly-CSharp-firstpass.dll at Library/ScriptAssemblies/Assembly-CSharp-firstpass.dll not valid. Loading of assembly skipped.
Assembly DocCodeExamples.dll at Library/ScriptAssemblies/DocCodeExamples.dll not valid. Loading of assembly skipped.
Assembly TestNewCustomAssembly.dll at Library/ScriptAssemblies/TestNewCustomAssembly.dll not valid. Loading of assembly skipped.
Assembly Unity.Collections.BurstCompatibilityGen.dll at Library/ScriptAssemblies/Unity.Collections.BurstCompatibilityGen.dll not valid. Loading of assembly skipped.
Assembly Unity.Collections.DocCodeSamples.dll at Library/ScriptAssemblies/Unity.Collections.DocCodeSamples.dll not valid. Loading of assembly skipped.
Assembly Unity.Collections.PerformanceTests.dll at Library/ScriptAssemblies/Unity.Collections.PerformanceTests.dll not valid. Loading of assembly skipped.
Assembly Unity.Collections.Tests.dll at Library/ScriptAssemblies/Unity.Collections.Tests.dll not valid. Loading of assembly skipped.
Assembly Unity.Collections.Tests.Playmode.dll at Library/ScriptAssemblies/Unity.Collections.Tests.Playmode.dll not valid. Loading of assembly skipped.
Assembly Unity.InputSystem.IntegrationTests.dll at Library/ScriptAssemblies/Unity.InputSystem.IntegrationTests.dll not valid. Loading of assembly skipped.
Assembly Unity.Mathematics.Tests.dll at Library/ScriptAssemblies/Unity.Mathematics.Tests.dll not valid. Loading of assembly skipped.
Assembly Unity.Multiplayer.Center.Editor.Tests.dll at Library/ScriptAssemblies/Unity.Multiplayer.Center.Editor.Tests.dll not valid. Loading of assembly skipped.
Assembly Unity.Multiplayer.Center.Tests.dll at Library/ScriptAssemblies/Unity.Multiplayer.Center.Tests.dll not valid. Loading of assembly skipped.
Assembly Unity.Nuget.Mono-Cecil.dll at Library/ScriptAssemblies/Unity.Nuget.Mono-Cecil.dll not valid. Loading of assembly skipped.
Assembly Unity.PathTracing.Editor.Tests.dll at Library/ScriptAssemblies/Unity.PathTracing.Editor.Tests.dll not valid. Loading of assembly skipped.
Assembly Unity.PathTracing.Runtime.Tests.dll at Library/ScriptAssemblies/Unity.PathTracing.Runtime.Tests.dll not valid. Loading of assembly skipped.
Assembly Unity.RenderPipelines.Core.Editor.Tests.dll at Library/ScriptAssemblies/Unity.RenderPipelines.Core.Editor.Tests.dll not valid. Loading of assembly skipped.
Assembly Unity.RenderPipelines.Core.Runtime.Tests.dll at Library/ScriptAssemblies/Unity.RenderPipelines.Core.Runtime.Tests.dll not valid. Loading of assembly skipped.
Assembly Unity.RenderPipelines.Universal.Config.Editor.Tests.dll at Library/ScriptAssemblies/Unity.RenderPipelines.Universal.Config.Editor.Tests.dll not valid. Loading of assembly skipped.
Assembly Unity.RenderPipelines.Universal.Editor.Tests.dll at Library/ScriptAssemblies/Unity.RenderPipelines.Universal.Editor.Tests.dll not valid. Loading of assembly skipped.
Assembly Unity.RenderPipelines.Universal.Runtime.Tests.dll at Library/ScriptAssemblies/Unity.RenderPipelines.Universal.Runtime.Tests.dll not valid. Loading of assembly skipped.
Assembly Unity.Searcher.EditorTests.dll at Library/ScriptAssemblies/Unity.Searcher.EditorTests.dll not valid. Loading of assembly skipped.
Assembly Unity.ShaderGraph.Editor.Tests.dll at Library/ScriptAssemblies/Unity.ShaderGraph.Editor.Tests.dll not valid. Loading of assembly skipped.
Assembly Unity.Sysroot.EditorTests.dll at Library/ScriptAssemblies/Unity.Sysroot.EditorTests.dll not valid. Loading of assembly skipped.
Assembly Unity.Sysroot.Linux_x86_64.EditorTests.dll at Library/ScriptAssemblies/Unity.Sysroot.Linux_x86_64.EditorTests.dll not valid. Loading of assembly skipped.
Assembly Unity.TextMeshPro.Editor.Tests.dll at Library/ScriptAssemblies/Unity.TextMeshPro.Editor.Tests.dll not valid. Loading of assembly skipped.
Assembly Unity.TextMeshPro.Tests.dll at Library/ScriptAssemblies/Unity.TextMeshPro.Tests.dll not valid. Loading of assembly skipped.
Assembly Unity.Toolchain.Linux-x86_64-Linux.EditorTests.dll at Library/ScriptAssemblies/Unity.Toolchain.Linux-x86_64-Linux.EditorTests.dll not valid. Loading of assembly skipped.
Assembly Unity.UnifiedRayTracing.Editor.Tests.dll at Library/ScriptAssemblies/Unity.UnifiedRayTracing.Editor.Tests.dll not valid. Loading of assembly skipped.
Assembly UnityEditor.UI.Common.Tests.dll at Library/ScriptAssemblies/UnityEditor.UI.Common.Tests.dll not valid. Loading of assembly skipped.
Assembly UnityEditor.UI.EditorTests.dll at Library/ScriptAssemblies/UnityEditor.UI.EditorTests.dll not valid. Loading of assembly skipped.
Assembly UnityEngine.UI.Tests.dll at Library/ScriptAssemblies/UnityEngine.UI.Tests.dll not valid. Loading of assembly skipped.
Assertion failed on expression: 'pred(*previous, *i)'
Assertion failed on expression: 'pred(*previous, *i)'
Assertion failed on expression: 'pred(*previous, *i)'
Assertion failed on expression: 'pred(*previous, *i)'
Assertion failed on expression: 'pred(*previous, *i)'
Assertion failed on expression: 'pred(*previous, *i)'
Native extension for LinuxStandalone target not found
Native extension for WindowsStandalone target not found
[Package Manager] Failed to launch server process. Reason: Unity was launched with the -noUpm command-line argument
[Package Manager] Unable to send message (not connected to server process).
[Package Manager] Cannot connect to Unity Package Manager local server
[Package Manager] Failed to launch server process. Reason: Unity was launched with the -noUpm command-line argument
[Package Manager] Unable to send message (not connected to server process).
[Package Manager] Cannot connect to Unity Package Manager local server
ScheduleIndexationOnStartup MainProcess:False IndexOnStartup:True
Mono: successfully reloaded assembly
- Finished resetting the current domain, in  0.489 seconds
Domain Reload Profiling: 989ms
	BeginReloadAssembly (114ms)
		DisableScriptedObjects (4ms)
		CreateAndSetChildDomain (37ms)
	RebuildCommonClasses (29ms)
	RebuildNativeTypeToScriptingClass (6ms)
	initialDomainReloadingComplete (32ms)
	LoadAllAssembliesAndSetupDomain (318ms)
		LoadAssemblies (204ms)
		AnalyzeDomain (143ms)
			TypeCache.Refresh (5ms)
			BuildScriptInfoCaches (130ms)
			ResolveRequiredComponents (7ms)
	FinalizeReload (489ms)
		SetupLoadedEditorAssemblies (0ms)
			InitializePlatformSupportModulesInManaged (13ms)
			BeforeProcessingInitializeOnLoad (106ms)
			ProcessInitializeOnLoadAttributes (180ms)
			ProcessInitializeOnLoadMethodAttributes (51ms)
			AfterProcessingInitializeOnLoad (4ms)
		AwakeInstancesAfterBackupRestoration (9ms)
Shader Hidden/ChartRasterizerHardware is not supported: GPU does not support conservative rasterization
Unloading 25 Unused Serialized files (Serialized files now loaded: 0)
Unloading 6548 unused Assets / (6.0 MB). Loaded Objects now: 7522.
Memory consumption went from 185.6 MB to 179.6 MB.
Total: 8.788341 ms (FindLiveObjects: 0.616036 ms CreateObjectMapping: 0.625212 ms MarkObjects: 5.257820 ms  DeleteObjects: 2.288141 ms)

Prepare: number of updated asset objects reloaded= 0
